Workbook

Sheet start
A25: content: S. Privett, M. Mergili; design: M. Mergili - © 2005 Grootbos Nature Reserve
B30: directory: | C30: D:\ResearchProjects\GrootbosVegetation\SpatialData\Ecosystems | G30: directory: | H30: D:\ResearchProjects\GrootbosVegetation\VegetationAnalysis\Tools\TABWIN

Sheet flora (2)
A1: 09.11. 2004 | B1: scientific name | C1: family | D1: Common Name | E1: genus | F1: species | G1: taxon | H1: life form | I1: LF1 | J1: LF2 | K1: LF3 | L1: LF4 | M1: LF5 | N1: LF6 | O1: LF_GandP | P1: LF_GandP2 | Q1: status (red data) | R1: Date | S1: to collect | T1: collected | U1: DN | V1: LS | W1: SP | X1: TM | Y1: MW | Z1: AM | AA1: WL | AB1: RP
A2: 1 | B2: =E2&" "&F2 -> Agapanthus africanus | C2: Agapanthaceae | D2: bloulelie | E2: Agapanthus | F2: africanus | G2: Agap afr | H2: GEOL BLS | I2: 4 | J2: 6 | K2: 5 | L2: 2 | M2: 1 | N2: 1 | O2: Geophyte | P2: perennial | R2: 35612 | S2: X | U2: 1
A3: 2 | B3: =E3&" "&F3 -> Carpanthea pomeridiana | C3: Aizoaceae | D3: vetkousie | E3: Carpanthea | F3: pomeridiana | G3: Carp pom | H3: ANNL BLF | I3: 6 | J3: 6 | K3: 3 | L3: 1 | M3: 4 | N3: 3 | O3: herb | P3: annual | R3: 36069 | T3: 1 | U3: 1
A4: 3 | B4: =E4&" "&F4 -> Carpobrotus acinaciformis | C4: Aizoaceae | D4: hottentot fig, sour fig, suurvy | E4: Carpobrotus | F4: acinaciformis | G4: Carp aci | H4: PERL BLF | I4: 3 | J4: 6 | K4: 3 | L4: 2 | M4: 3 | N4: 3 | O4: Succulent | P4: perennial | R4: 35612 | T4: 1 | U4: 1 | V4: 1 | W4: 1 | X4: 1 | AB4: 1
A5: 4 | B5: =E5&" "&F5 -> Carpobrotus edulis | C5: Aizoaceae | D5: hottentot fig, sour fig, suurvy | E5: Carpobrotus | F5: edulis | G5: Carp edu | H5: PERL BLF | I5: 3 | J5: 6 | K5: 3 | L5: 2 | M5: 3 | N5: 3 | O5: Succulent | P5: perennial | R5: 35612 | T5: 1 | U5: 1
A6: 5 | B6: =E6&" "&F6 -> Dorotheanthus bellidiformis | C6: Aizoaceae | D6: livingstone daisy, bokbaaivygie | E6: Dorotheanthus | F6: bellidiformis | G6: Doro bel | H6: ANNL BLF | I6: 6 | J6: 6 | K6: 3 | L6: 2 | M6: 3 | N6: 3 | O6: succulent | P6: annual | Q6: nt | R6: 36069 | T6: 1 | U6: 1
A7: 6 | B7: =E7&" "&F7 -> Drosanthemum intermedium | C7: Aizoaceae | E7: Drosanthemum | F7: intermedium | G7: Dros int | H7: SHRD ERI | I7: 2 | J7: 6 | K7: 3 | L7: 2 | M7: 3 | N7: 5 | O7: Shrublet | P7: perennial | R7: 35947 | T7: 1 | U7: 1
A8: 7 | B8: =E8&" "&F8 -> Galenia ecklonis | C8: Aizoaceae | D8: rooiloodjie | E8: Galenia | F8: ecklonis | G8: Gale eck | H8: SHRD ERI | I8: 2 | J8: 6 | K8: 3 | L8: 3 | M8: 4 | N8: 5 | O8: Shrublet | P8: perennial | R8: 37257 | T8: 1
A9: 8 | B9: =E9&" "&F9 -> Jordaaniella dubia | C9: Aizoaceae | D9: strandvygie | E9: Jordaaniella | F9: dubia | G9: Jord dub | H9: XXXX XXX | I9: 9 | J9: 6 | K9: 9 | L9: 9 | M9: 4 | N9: 9 | O9: Succulent | P9: perennial | R9: 38108 | U9: 1
A10: 9 | B10: =E10&" "&F10 -> Lampranthus aestivus | C10: Aizoaceae | E10: Lampranthus | F10: aestivus | G10: Lamp aes | H10: SHRD SLF | I10: 2 | J10: 6 | K10: 3 | L10: 2 | M10: 3 | N10: 4 | O10: Shrublet* | P10: perennial | T10: 1 | X10: 1
A11: 10 | B11: =E11&" "&F11 -> Lampranthus caudatus | C11: Aizoaceae | E11: Lampranthus | F11: caudatus | G11: Lamp cau | H11: SHRD ERI | I11: 2 | J11: 6 | K11: 3 | L11: 2 | M11: 3 | N11: 5 | O11: Shrublet* | P11: perennial | R11: 36892 | T11: 1 | X11: 1
A12: 11 | B12: =E12&" "&F12 -> Lampranthus explanatus | C12: Aizoaceae | E12: Lampranthus | F12: explanatus | G12: Lamp exp | H12: PERL SLF | I12: 3 | J12: 6 | K12: 5 | L12: 2 | M12: 3 | N12: 4 | O12: Shrublet* | P12: perennial | R12: 35612 | T12: 1 | U12: 1 | V12: 1
A13: 12 | B13: =E13&" "&F13 -> Lampranthus furvus | C13: Aizoaceae | E13: Lampranthus | F13: furvus | G13: Lamp fur | H13: SHRD ERI | I13: 2 | J13: 6 | K13: 2 | L13: 2 | M13: 3 | N13: 5 | O13: Shrublet* | P13: perennial | R13: 35947 | T13: 1 | V13: 1
A14: 13 | B14: =E14&" "&F14 -> Lampranthus simulans | C14: Aizoaceae | E14: Lampranthus | F14: simulans | G14: Lamp sim | H14: SHRD ERI | I14: 2 | J14: 6 | K14: 2 | L14: 2 | M14: 3 | N14: 5 | O14: Shrublet* | P14: perennial | R14: 35886 | T14: 1 | X14: 1
A15: 14 | B15: =E15&" "&F15 -> Phyllobolus canaliculatus | C15: Aizoaceae | E15: Phyllobolus | F15: canaliculatus | G15: Phyl can | H15: GEOL SLF | I15: 4 | J15: 6 | K15: 2 | L15: 2 | M15: 4 | N15: 4 | O15: Geophyte | P15: perennial | R15: 36861 | T15: 1 | W15: 1 | X15: 1
A16: 15 | B16: =E16&" "&F16 -> Ruschia calcicola | C16: Aizoaceae | E16: Ruschia | F16: calcicola | G16: Rusc cal | H16: SHRD SLF | I16: 2 | J16: 6 | K16: 2 | L16: 2 | M16: 3 | N16: 4 | O16: shrublet | P16: perennial | R16: 35947 | T16: 1 | V16: 1
A17: 16 | B17: =E17&" "&F17 -> Ruschia sarmentosa | C17: Aizoaceae | E17: Ruschia | F17: sarmentosa | G17: Rusc sar | H17: SHRD BLF | I17: 2 | J17: 6 | K17: 5 | L17: 2 | M17: 3 | N17: 3 | O17: shrublet | P17: perennial | R17: 35612 | T17: 1 | U17: 1 | V17: 1 | X17: 1
A18: 17 | B18: =E18&" "&F18 -> Tetragonia echinata | C18: Aizoaceae | E18: Tetragonia | F18: echinata | G18: Tetr ech | H18: ANNL SLF | I18: 6 | J18: 6 | K18: 3 | L18: 1 | M18: 3 | N18: 4 | O18: Succulent | P18: annual | R18: 37226 | T18: 1 | U18: 1
A19: 18 | B19: =E19&" "&F19 -> Tetragonia fruticosa | C19: Aizoaceae | D19: kinkelbossie | E19: Tetragonia | F19: fruticosa | G19: Tetr fru | H19: SHRL SLF | I19: 2 | J19: 5 | K19: 3 | L19: 2 | M19: 3 | N19: 4 | O19: shrub | P19: perennial | R19: 35855 | T19: 1 | U19: 1 | Y19: 1
A20: 19 | B20: =E20&" "&F20 -> Tulbaghia capensis | C20: Alliaceae | D20: wild garlic | E20: Tulbaghia | F20: capensis | G20: Tulb cap | H20: GEOL GRA | I20: 4 | J20: 6 | K20: 5 | L20: 3 | M20: 1 | N20: 1 | O20: Geophyte | P20: perennial | R20: 36586 | S20: X | X20: 1
A21: 20 | B21: =E21&" "&F21 -> Exomis microphylla var. axyroides | C21: Amaranthaceae | D21: brakbossie | E21: Exomis | F21: microphylla var. axyroides | G21: Exom mic | H21: SHRL BLS | I21: 2 | J21: 5 | K21: 3 | L21: 2 | M21: 1 | N21: 3 | O21: shrub | P21: perennial | R21: 37012 | T21: 1 | U21: 1
A22: 21 | B22: =E22&" "&F22 -> Brunsvigia orientalis | C22: Amaryllidaceae | D22: candelabra flower | E22: Brunsvigia | F22: orientalis | G22: Brun ori | H22: GEOL BLS | I22: 4 | J22: 6 | K22: 5 | L22: 1 | M22: 1 | N22: 3 | O22: Geophyte | P22: perennial | R22: 35612 | S22: P | U22: 1
A23: 22 | B23: =E23&" "&F23 -> Cyrtanthus leucanthus | C23: Amaryllidaceae | D23: witbrandlelie | E23: Cyrtanthus | F23: leucanthus | G23: Cyrt leu | H23: GEOL BLS | I23: 4 | J23: 6 | K23: 5 | L23: 2 | M23: 1 | N23: 1 | O23: Geophyte | P23: perennial | Q23: R | R23: 35796 | T23: 1 | X23: 1
A24: 23 | B24: =E24&" "&F24 -> Haemanthus coccineus | C24: Amaryllidaceae | D24: April fool, velskoenblaar, brandlelie | E24: Haemanthus | F24: coccineus | G24: Haem coc | H24: GEOL BLF | I24: 4 | J24: 6 | K24: 5 | L24: 1 | M24: 4 | N24: 1 | O24: Geophyte | P24: perennial | R24: 35612 | T24: 1 | U24: 1 | Z24: 1
A25: 24 | B25: =E25&" "&F25 -> Haemanthus sanguineus | C25: Amaryllidaceae | D25: April fool, velskoenblaar, brandlelie | E25: Haemanthus | F25: sanguineus | G25: Haem san | H25: GEOL BLF | I25: 4 | J25: 6 | K25: 5 | L25: 1 | M25: 4 | N25: 1 | O25: Geophyte | P25: perennial | R25: 35855 | T25: 1 | U25: 1
A26: 25 | B26: =E26&" "&F26 -> Nerine humilis | C26: Amaryllidaceae | E26: Nerine | F26: humilis | G26: Neri hum | H26: GEOL XXX | I26: 4 | J26: 6 | K26: 5 | L26: 9 | M26: 9 | N26: 9 | O26: Geophyte | P26: perennial | R26: 38108 | T26: 1 | U26: 1
A27: 26 | B27: =E27&" "&F27 -> Rhus crenata | C27: Anacardiaceae | D27: dune crow-berry, duinekraaibessie | E27: Rhus | F27: crenata | G27: Rhus cre | H27: SHRH SLH | I27: 2 | J27: 3 | K27: 2 | L27: 1 | M27: 2 | N27: 4 | O27: Shrub to tree | P27: perennial | R27: 35796 | T27: 1 | U27: 1
A28: 27 | B28: =E28&" "&F28 -> Rhus glauca | C28: Anacardiaceae | D28: blue kuni-bush, bloukoenibos | E28: Rhus | F28: glauca | G28: Rhus gla | H28: SHRH SLH | I28: 2 | J28: 3 | K28: 2 | L28: 1 | M28: 2 | N28: 4 | O28: Shrub to tree | P28: perennial | R28: 35612 | T28: 1 | U28: 1 | Y28: 1
A29: 28 | B29: =E29&" "&F29 -> Rhus laevigata var. laevigata | C29: Anacardiaceae | D29: dune taaibos, duinetaaibos | E29: Rhus | F29: laevigata var. laevigata | G29: Rhus lae | H29: SHRH BLH | I29: 2 | J29: 3 | K29: 2 | L29: 1 | M29: 2 | N29: 3 | O29: Shrub | P29: perennial | R29: 35612 | T29: 1 | U29: 1 | V29: 1 | Y29: 1
A30: 29 | B30: =E30&" "&F30 -> Rhus laevigata var. villosa | C30: Anacardiaceae | D30: dune taaibos, duinetaaibos | E30: Rhus | F30: laevigata var. villosa | G30: Rhus lae | H30: SHRH BLH | I30: 2 | J30: 3 | K30: 2 | L30: 1 | M30: 2 | N30: 3 | O30: Shrub | P30: perennial | R30: 35612 | U30: 1 | V30: 1
A31: 30 | B31: =E31&" "&F31 -> Rhus lucida | C31: Anacardiaceae | D31: blinktaaibos | E31: Rhus | F31: lucida | G31: Rhus luc | H31: SHRH BLH | I31: 2 | J31: 3 | K31: 2 | L31: 1 | M31: 2 | N31: 3 | O31: Shrub | P31: perennial | R31: 35612 | T31: 1 | U31: 1 | V31: 1 | W31: 1 | X31: 1 | Y31: 1 | AA31: 1
A32: 31 | B32: =E32&" "&F32 -> Rhus rosmarinifolia | C32: Anacardiaceae | D32: roosmaryntaaibos | E32: Rhus | F32: rosmarinifolia | G32: Rhus ros | H32: SHRL NED | I32: 2 | J32: 5 | K32: 2 | L32: 3 | M32: 2 | N32: 3 | O32: Shrub | P32: perennial | R32: 35612 | T32: 1 | V32: 1 | X32: 1
A33: 32 | B33: =E33&" "&F33 -> Rhus tomentosa | C33: Anacardiaceae | D33: wild currant, korentebos | E33: Rhus | F33: tomentosa | G33: Rhus tom | H33: SHRH BLH | I33: 2 | J33: 3 | K33: 2 | L33: 1 | M33: 2 | N33: 3 | O33: Shrub to tree | P33: perennial | R33: 35886 | T33: 1 | U33: 1 | Z33: 1
A34: 33 | B34: =E34&" "&F34 -> Annesorhiza macrocarpa | C34: Apiaceae | D34: wilde-anyswortel | E34: Annesorhiza | F34: macrocarpa | G34: Anne mac | H34: PERH PIN | I34: 3 | J34: 4 | K34: 2 | L34: 5 | M34: 1 | N34: 2 | P34: perennial | R34: 35612 | T34: 1 | V34: 1
A35: 34 | B35: =E35&" "&F35 -> Arctopus echinatus | C35: Apiaceae | D35: platdoring, pokkiesdoring | E35: Arctopus | F35: echinatus | G35: Arct ech | H35: PERL BLH | I35: 3 | J35: 6 | K35: 5 | L35: 1 | M35: 2 | N35: 1 | O35: herb | P35: perennial | R35: 35855 | T35: 1 | X35: 1
A36: 35 | B36: =E36&" "&F36 -> Berula erecta ssp. thunbergii | C36: Apiaceae | D36: tandpynwortel, water parsnip | E36: Berula | F36: erecta ssp. thunbergii | G36: Beru ere | H36: ANNM SLS | I36: 6 | J36: 5 | K36: 4 | L36: 1 | M36: 1 | N36: 4 | O36: herb | P36: annual | R36: 35947 | T36: 1 | AA36: 1
A37: 36 | B37: =E37&" "&F37 -> Hermas villosa | C37: Apiaceae | D37: tontelblaar, tonteldoek | E37: Hermas | F37: villosa | G37: Herm vil | H37: SHRL BLH | I37: 2 | J37: 5 | K37: 5 | L37: 1 | M37: 2 | N37: 2 | O37: Shrub | P37: perennial | R37: 35612 | T37: 1 | X37: 1
A38: 37 | B38: =E38&" "&F38 -> Itasina filifolia | C38: Apiaceae | D38: grass-parsley | E38: Itasina | F38: filifolia | G38: Itas fil | H38: PERL APH | I38: 3 | J38: 6 | K38: 0 | L38: 7 | M38: 0 | N38: 0 | O38: herb | P38: perennial | R38: 36923 | T38: 1 | X38: 1
A39: 38 | B39: =E39&" "&F39 -> Peucedanum capillaceum | C39: Apiaceae | E39: Peucedanum | F39: capillaceum | G39: Peuc cap | H39: PERM PIN | I39: 3 | J39: 5 | K39: 2 | L39: 5 | M39: 1 | N39: 3 | O39: herb | P39: perennial | R39: 36923 | T39: 1 | X39: 1
A40: 39 | B40: =E40&" "&F40 -> Peucedanum ferulaceum | C40: Apiaceae | D40: bergseldery | E40: Peucedanum | F40: ferulaceum | G40: Peuc fer | H40: PERH PIN | I40: 3 | J40: 4 | K40: 4 | L40: 5 | M40: 1 | N40: 3 | O40: shrub | P40: perennial | R40: 36161 | T40: 1 | U40: 1 | X40: 1
A41: 40 | B41: =E41&" "&F41 -> Sonderina hispida | C41: Apiaceae | E41: Sonderina | F41: hispida | G41: Sond his | H41: ANNL PIN | I41: 6 | J41: 6 | K41: 3 | L41: 5 | M41: 1 | N41: 4 | O41: herb | P41: annual | R41: 36161 | T41: 1 | U41: 1 | W41: 1 | X41: 1
A42: 41 | B42: =E42&" "&F42 -> Sonderina tenuis | C42: Apiaceae | D42: tandpynwortel | E42: Sonderina | F42: tenuis | G42: Sond ten | H42: ANNL PIN | I42: 6 | J42: 6 | K42: 3 | L42: 5 | M42: 1 | N42: 4 | O42: herb | P42: annual | R42: 36220 | S42: X | U42: 1 | W42: 1 | X42: 1
A43: 42 | B43: =E43&" "&F43 -> Astephanus triflorus | C43: Apocynaceae | E43: Astephanus | F43: triflorus | G43: Aste tri | H43: CLIM SLS | I43: 7 | J43: 5 | K43: 3 | L43: 2 | M43: 1 | N43: 4 | O43: climber | P43: perennial | R43: 37073 | T43: 1 | X43: 1
A44: 43 | B44: =E44&" "&F44 -> Cynanchum africanum | C44: Apocynaceae | D44: bobbejaantou, bokhoring, klimop | E44: Cynanchum | F44: africanum | G44: Cyna afr | H44: CLIM NED | I44: 7 | J44: 5 | K44: 3 | L44: 3 | M44: 2 | N44: 3 | O44: climber | P44: perennial | R44: 35612 | T44: 1 | U44: 1 | X44: 1
A45: 44 | B45: =E45&" "&F45 -> Cynanchum obtusifolium | C45: Apocynaceae | D45: monkey rope, melktou | E45: Cynanchum | F45: obtusifolium | G45: Cyna obt | H45: CLIM BLH | I45: 7 | J45: 3 | K45: 3 | L45: 1 | M45: 2 | N45: 3 | O45: Climber | P45: perennial | R45: 35612 | S45: X | V45: 1 | Y45: 1 | Z45: 1
A46: 45 | B46: =E46&" "&F46 -> Gomphocarpus fruticosus | C46: Apocynaceae | D46: shruppy, milkweed, tontelbossie | E46: Gomphocarpus | F46: fruticosus | G46: Gomp fru | H46: SHRM BLS | I46: 2 | J46: 4 | K46: 2 | L46: 2 | M46: 1 | N46: 2 | O46: Shrub | P46: perennial | R46: 35855 | T46: 1
A47: 46 | B47: =E47&" "&F47 -> Microloma sagittatum | C47: Apocynaceae | D47: bokhorinkies, wax creeper | E47: Microloma | F47: sagittatum | G47: Micr sag | H47: CLIM SLH | I47: 7 | J47: 5 | K47: 3 | L47: 2 | M47: 2 | N47: 4 | O47: Climber | P47: perennial | R47: 36404 | T47: 1 | U47: 1 | W47: 1 | X47: 1
A48: 47 | B48: =E48&" "&F48 -> Microloma tenuifolium | C48: Apocynaceae | D48: wax vine, kannetjies, skilpadbos | E48: Microloma | F48: tenuifolium | G48: Micr ten | H48: CLIM BLH | I48: 7 | J48: 5 | K48: 3 | L48: 2 | M48: 2 | N48: 2 | O48: Climber | P48: perennial | R48: 36039 | S48: X | U48: 1 | W48: 1 | X48: 1
A49: 48 | B49: =E49&" "&F49 -> Schizoglossum aschersonianum | C49: Apocynaceae | E49: Schizoglossum | F49: aschersonianum | G49: Schi asc | H49: PERL BLS | I49: 3 | J49: 6 | K49: 2 | L49: 2 | M49: 1 | N49: 3 | P49: perennial | R49: 37257 | T49: 1 | X49: 1
A50: 49 | B50: =E50&" "&F50 -> Secamone alpini | C50: Apocynaceae | D50: monkey rope, melktou | E50: Secamone | F50: alpini | G50: Seca alp | H50: CLIM BLS | I50: 7 | J50: 2 | K50: 3 | L50: 1 | M50: 1 | N50: 3 | O50: shrub | P50: perennial | R50: 35612 | T50: 1 | Z50: 1
A51: 50 | B51: =E51&" "&F51 -> Zantedeschia aethiopica | C51: Araceae | D51: arum or pig lily, varkblom | E51: Zantedeschia | F51: aethiopica | G51: Zant aet | H51: GEOM BLH | I51: 4 | J51: 5 | K51: 5 | L51: 1 | M51: 2 | N51: 1 | O51: Geophyte | P51: perennial | R51: 35612 | T51: 1 | Y51: 1 | AA51: 1
A52: 51 | B52: =E52&" "&F52 -> Centella affinis | C52: Araliaceae | E52: Centella | F52: affinis | G52: Cent aff | H52: PERL LNG | I52: 3 | J52: 6 | K52: 3 | L52: 3 | M52: 1 | N52: 3 | O52: herb | P52: perennial | R52: 37316 | T52: 1
A53: 52 | B53: =E53&" "&F53 -> Centella macrocarpa | C53: Araliaceae | E53: Centella | F53: macrocarpa | G53: Cent mac | H53: PERL PIN | I53: 3 | J53: 6 | K53: 2 | L53: 5 | M53: 2 | N53: 2 | O53: herb | P53: perennial | R53: 37288 | T53: 1 | X53: 1
A54: 53 | B54: =E54&" "&F54 -> Centella tridentata | C54: Araliaceae | E54: Centella | F54: tridentata | G54: Cent tri | H54: ANNL BLS | I54: 6 | J54: 6 | K54: 2 | L54: 2 | M54: 1 | N54: 3 | O54: herb | P54: ann. or per. | R54: 37591 | T54: 1 | W54: 1 | X54: 1
A55: 54 | B55: =E55&" "&F55 -> Asparagus aethiopicus | C55: Asparagaceae | D55: haakdoring | E55: Asparagus | F55: aethiopicus | G55: Aspa aet | H55: CLIM ERI | I55: 7 | J55: 3 | K55: 3 | L55: 3 | M55: 1 | N55: 4 | O55: Climber | P55: perennial | R55: 35612 | T55: 1 | Y55: 1 | Z55: 1
A56: 55 | B56: =E56&" "&F56 -> Asparagus capensis | C56: Asparagaceae | D56: katdoring | E56: Asparagus | F56: capensis | G56: Aspa cap | H56: SHRL ERI | I56: 2 | J56: 5 | K56: 3 | L56: 3 | M56: 2 | N56: 5 | O56: Shrub | P56: perennial | R56: 36617 | S56: X | X56: 1
A57: 56 | B57: =E57&" "&F57 -> Asparagus ovatus | C57: Asparagaceae | E57: Asparagus | F57: ovatus | G57: Aspa ova | H57: SHRL BLS | I57: 2 | J57: 5 | K57: 2 | L57: 1 | M57: 1 | N57: 3 | O57: shrub | P57: perennial | R57: 37196 | T57: 1 | U57: 1
A58: 57 | B58: =E58&" "&F58 -> Asparagus rubicundus | C58: Asparagaceae | D58: Wag-'n-bietjie | E58: Asparagus | F58: rubicundus | G58: Aspa rub | H58: SHRM ERI | I58: 2 | J58: 4 | K58: 3 | L58: 3 | M58: 1 | N58: 5 | O58: shrub | P58: perennial | R58: 35612 | T58: 1 | V58: 1
A59: 58 | B59: =E59&" "&F59 -> Asparagus scandens | C59: Asparagaceae | E59: Asparagus | F59: scandens | G59: Aspa sca | H59: SHRM SLS | I59: 2 | J59: 4 | K59: 3 | L59: 2 | M59: 1 | N59: 4 | O59: shrub | P59: perennial | R59: 35612 | T59: 1 | Z59: 1
A60: 59 | B60: =E60&" "&F60 -> Asparagus volubilis | C60: Asparagaceae | E60: Asparagus | F60: volubilis | G60: Aspa vol | H60: SHRL BLS | I60: 2 | J60: 5 | K60: 3 | L60: 2 | M60: 1 | N60: 3 | O60: shrub | P60: perennial | R60: 36861 | T60: 1 | Y60: 1
A61: 60 | B61: =E61&" "&F61 -> Bulbine annua | C61: Asphodelaceae | E61: Bulbine | F61: annua | G61: Bulb ann | H61: ANNL BLS | I61: 6 | J61: 6 | K61: 5 | L61: 2 | M61: 1 | N61: 1 | O61: Geophyte | P61: annual | R61: 36161 | T61: 1 | X61: 1
A62: 61 | B62: =E62&" "&F62 -> Bulbine favosa | C62: Asphodelaceae | E62: Bulbine | F62: favosa | G62: Bulb fav | H62: GEOL GRA | I62: 4 | J62: 6 | K62: 5 | L62: 3 | M62: 1 | N62: 1 | O62: Geophyte | R62: 35796 | S62: X | X62: 1
A63: 62 | B63: =E63&" "&F63 -> Bulbine foleyi | C63: Asphodelaceae | E63: Bulbine | F63: foleyi | G63: Bulb fol | H63: GEOL GRA | I63: 4 | J63: 6 | K63: 5 | L63: 3 | M63: 1 | N63: 1 | O63: Geophyte | R63: 36192 | T63: 1 | X63: 1
A64: 63 | B64: =E64&" "&F64 -> Bulbine lagopus | C64: Asphodelaceae | E64: Bulbine | F64: lagopus | G64: Bulb lag | H64: GEOL BLS | I64: 4 | J64: 6 | K64: 5 | L64: 2 | M64: 1 | N64: 1 | O64: Geophyte | R64: 36069 | T64: 1 | U64: 1
A65: 64 | B65: =E65&" "&F65 -> Bulbinella triquetra | C65: Asphodelaceae | E65: Bulbinella | F65: triquetra | G65: Bulb tri | H65: GEOL LNG | I65: 4 | J65: 6 | K65: 5 | L65: 3 | M65: 1 | N65: 2 | O65: Geophyte | R65: 36465 | T65: 1 | X65: 1
A66: 65 | B66: =E66&" "&F66 -> Kniphofia uvaria | C66: Asphodelaceae | D66: red hot poker | E66: Kniphofia | F66: uvaria | G66: Knip uva | H66: PERM BLS | I66: 3 | J66: 5 | K66: 5 | L66: 2 | M66: 1 | N66: 1 | O66: Geophyte | P66: perennial | R66: 37257 | T66: 1 | X66: 1
A67: 66 | B67: =E67&" "&F67 -> Trachyandra ciliata | C67: Asphodelaceae | D67: wildeblomkool | E67: Trachyandra | F67: ciliata | G67: Trac cil | H67: PERL GRA | I67: 3 | J67: 6 | K67: 5 | L67: 3 | M67: 1 | N67: 1 | O67: Geophyte | P67: perennial | R67: 36861 | S67: X | U67: 1
A68: 67 | B68: =E68&" "&F68 -> Trachyandra hirsuta | C68: Asphodelaceae | E68: Trachyandra | F68: hirsuta | G68: Trac hir | H68: PERM BLS | I68: 3 | J68: 5 | K68: 5 | L68: 2 | M68: 1 | N68: 1 | O68: Geophyte | P68: perennial | R68: 36861 | T68: 1 | X68: 1
A69: 68 | B69: =E69&" "&F69 -> Trachyandra revoluta | C69: Asphodelaceae | D69: watergras, hottentotskool | E69: Trachyandra | F69: revoluta | G69: Trac rev | H69: PERM GRA | I69: 3 | J69: 5 | K69: 5 | L69: 3 | M69: 1 | N69: 1 | O69: Geophyte | P69: perennial | R69: 36404 | T69: 1 | U69: 1 | X69: 1
A70: 69 | B70: =E70&" "&F70 -> Trachyandra tabularis | C70: Asphodelaceae | E70: Trachyandra | F70: tabularis | G70: Trac tab | H70: PERH GRA | I70: 3 | J70: 4 | K70: 5 | L70: 3 | M70: 1 | N70: 1 | O70: Geophyte | P70: perennial | R70: 37408 | S70: x
A71: 70 | B71: =E71&" "&F71 -> Asplenium adiantum-nigrum | C71: Aspleniaceae | E71: Asplenium | F71: adiantum-nigrum | G71: Aspl adi | H71: PERL LNG | I71: 3 | J71: 6 | K71: 3 | L71: 4 | M71: 1 | N71: 2 | O71: Fern | P71: perennial | R71: 35612 | T71: 1 | Z71: 1
A72: 71 | B72: =E72&" "&F72 -> Arctotheca calendula | C72: Asteraceae | D72: Cape weed | E72: Arctotheca | F72: calendula | G72: Arct cal | H72: ANNL SLS | I72: 6 | J72: 6 | K72: 4 | L72: 2 | M72: 1 | N72: 4 | O72: herb | P72: annual | R72: 36617 | T72: 1 | U72: 1
A73: 72 | B73: =E73&" "&F73 -> Arctotis acaulis | C73: Asteraceae | D73: renostergousblom | E73: Arctotis | F73: acaulis | G73: Arct aca | H73: PERL PIN | I73: 3 | J73: 6 | K73: 4 | L73: 5 | M73: 1 | N73: 2 | O73: herb | P73: perennial | R73: 36130 | T73: 1 | U73: 1 | X73: 1
A74: 73 | B74: =E74&" "&F74 -> Arctotis schlechteri | C74: Asteraceae | E74: Arctotis | F74: schlechteri | G74: Arct sch | H74: PERL BLS | I74: 3 | J74: 6 | K74: 4 | L74: 2 | M74: 1 | N74: 3 | O74: herb | P74: perennial | R74: 35947 | T74: 1 | X74: 1
A75: 74 | B75: =E75&" "&F75 -> Artemisia afra | C75: Asteraceae | D75: wormwood, wilde-alsies | E75: Artemisia | F75: afra | G75: Arte afr | H75: SHRL PIN | I75: 2 | J75: 5 | K75: 3 | L75: 5 | M75: 1 | N75: 3 | O75: shrub | P75: perennial | R75: 35612 | T75: 1 | U75: 1 | AA75: 1
A76: 75 | B76: =E76&" "&F76 -> Athanasia dentata | C76: Asteraceae | E76: Athanasia | F76: dentata | G76: Atha den | H76: SHRM ERI | I76: 2 | J76: 4 | K76: 3 | L76: 3 | M76: 1 | N76: 5 | O76: shrub | P76: perennial | R76: 35612 | T76: 1 | U76: 1 | V76: 1 | X76: 1
A77: 76 | B77: =E77&" "&F77 -> Athanasia quinquedentata ssp. quinquedentata | C77: Asteraceae | E77: Athanasia | F77: quinquedentata ssp. quinquedentata | G77: Atha qui | H77: SHRL ERI | I77: 2 | J77: 5 | K77: 3 | L77: 2 | M77: 1 | N77: 5 | O77: shrub | P77: perennial | Q77: K | R77: 36923 | T77: 1 | U77: 1 | V77: 1 | X77: 1
A78: 77 | B78: =E78&" "&F78 -> Athanasia trifurcata | C78: Asteraceae | D78: kouterbossie | E78: Athanasia | F78: trifurcata | G78: Atha tri | H78: SHRM ERI | I78: 2 | J78: 4 | K78: 3 | L78: 3 | M78: 1 | N78: 5 | O78: Shrub | P78: perennial | R78: 35612 | T78: 1 | U78: 1
A79: 78 | B79: =E79&" "&F79 -> Berkheya rigida | C79: Asteraceae | E79: Berkheya | F79: rigida | G79: Berk rig | H79: PERM BLS | I79: 3 | J79: 5 | K79: 3 | L79: 2 | M79: 1 | N79: 3 | O79: shrub | P79: perennial | R79: 37226 | T79: 1 | U79: 1
A80: 79 | B80: =E80&" "&F80 -> Chrysanthemoides monilifera | C80: Asteraceae | D80: brother berry, bietou | E80: Chrysanthemoides | F80: monilifera | G80: Chry mon | H80: SHRM BLH | I80: 2 | J80: 4 | K80: 3 | L80: 1 | M80: 2 | N80: 3 | O80: Shrub | P80: perennial | R80: 35612 | T80: 1 | U80: 1 | V80: 1 | W80: 1
A81: 80 | B81: =E81&" "&F81 -> Chrysocoma coma-aurea | C81: Asteraceae | E81: Chrysocoma | F81: coma-aurea | G81: Chry com | H81: SHRD ERI | I81: 2 | J81: 6 | K81: 3 | L81: 3 | M81: 1 | N81: 5 | O81: shrublet | P81: perennial | R81: 35612 | T81: 1 | W81: 1 | X81: 1
A82: 81 | B82: =E82&" "&F82 -> Cineraria geifolia | C82: Asteraceae | E82: Cineraria | F82: geifolia | G82: Cine gei | H82: PERM BLS | I82: 3 | J82: 5 | K82: 3 | L82: 1 | M82: 1 | N82: 3 | O82: shrub | P82: perennial | R82: 37500 | T82: 1 | W82: 1
A83: 82 | B83: =E83&" "&F83 -> Corymbium africanum | C83: Asteraceae | D83: heuningbossie, plampers | E83: Corymbium | F83: africanum | G83: Cory afr | H83: PERL GRA | I83: 3 | J83: 6 | K83: 5 | L83: 3 | M83: 1 | N83: 1 | O83: Geophyte | P83: perennial | Q83: nt | R83: 35612 | T83: 1 | V83: 1 | X83: 1
A84: 83 | B84: =E84&" "&F84 -> Cotula turbinata | C84: Asteraceae | D84: batchelor buttons, ganskos | E84: Cotula | F84: turbinata | G84: Cotu tur | H84: ANNL PIN | I84: 6 | J84: 6 | K84: 4 | L84: 5 | M84: 1 | N84: 4 | O84: herb | P84: annual | R84: 35612 | T84: 1 | U84: 1
A85: 84 | B85: =E85&" "&F85 -> Cullumia setosa | C85: Asteraceae | D85: steekhaarbossie | E85: Cullumia | F85: setosa | G85: Cull set | H85: SHRL ERI | I85: 2 | J85: 5 | K85: 3 | L85: 1 | M85: 2 | N85: 5 | O85: shrub | P85: perennial | R85: 35855 | T85: 1 | X85: 1
A86: 85 | B86: =E86&" "&F86 -> Cullumia squarrosa | C86: Asteraceae | D86: grootsteekhaarbos | E86: Cullumia | F86: squarrosa | G86: Cull squ | H86: SHRD SLH | I86: 2 | J86: 6 | K86: 3 | L86: 2 | M86: 2 | N86: 4 | O86: shrublet | P86: perennial | R86: 35612 | T86: 1 | U86: 1 | V86: 1
A87: 86 | B87: =E87&" "&F87 -> Dimorphotheca nudicaulis | C87: Asteraceae | D87: wildemargriet | E87: Dimorphotheca | F87: nudicaulis | G87: Dimo nud | H87: SHRD BLS | I87: 2 | J87: 6 | K87: 5 | L87: 2 | M87: 1 | N87: 3 | O87: shrublet | P87: perennial | R87: 37165 | T87: 1 | X87: 1
A88: 87 | B88: =E88&" "&F88 -> Disparago anomala | C88: Asteraceae | E88: Disparago | F88: anomala | G88: Disp ano | H88: SHRL ERI | I88: 2 | J88: 5 | K88: 3 | L88: 3 | M88: 1 | N88: 5 | O88: shrub | P88: perennial | R88: 35612 | T88: 1 | V88: 1
A89: 88 | B89: =E89&" "&F89 -> Disparago ericoides | C89: Asteraceae | E89: Disparago | F89: ericoides | G89: Disp eri | H89: SHRD ERI | I89: 2 | J89: 6 | K89: 3 | L89: 3 | M89: 1 | N89: 5 | O89: shrublet | P89: perennial | R89: 35796 | T89: 1 | X89: 1
A90: 89 | B90: =E90&" "&F90 -> Edmondia sesamoides | C90: Asteraceae | D90: sewejaartjie, strooiblommetjie | E90: Edmondia | F90: sesamoides | G90: Edmo ses | H90: SHRD ERI | I90: 2 | J90: 6 | K90: 3 | L90: 6 | M90: 2 | N90: 5 | O90: shrublet | P90: perennial | R90: 35612 | T90: 1 | W90: 1 | X90: 1
A91: 90 | B91: =E91&" "&F91 -> Eriocephalus africanus | C91: Asteraceae | D91: wild rosmary, kapokbossie | E91: Eriocephalus | F91: africanus | G91: Erio afr | H91: SHRL ERI | I91: 2 | J91: 5 | K91: 3 | L91: 3 | M91: 1 | N91: 5 | O91: Shrub | P91: perennial | R91: 35612 | T91: 1 | U91: 1
A92: 91 | B92: =E92&" "&F92 -> Eriocephalus racemosus | C92: Asteraceae | D92: kapkoppie | E92: Eriocephalus | F92: racemosus | G92: Erio rac | H92: SHRM ERI | I92: 2 | J92: 4 | K92: 3 | L92: 3 | M92: 1 | N92: 5 | O92: Shrub | P92: perennial | R92: 38292 | T92: 1 | U92: 1
A93: 92 | B93: =E93&" "&F93 -> Euryops abrotanifolius | C93: Asteraceae | D93: bergharpuisbos | E93: Euryops | F93: abrotanifolius | G93: Eury abr | H93: SHRL ERI | I93: 2 | J93: 5 | K93: 3 | L93: 3 | M93: 1 | N93: 4 | O93: Shrub | P93: perennial | R93: 35612 | T93: 1 | X93: 1
A94: 93 | B94: =E94&" "&F94 -> Felicia amoena ssp. latifolia | C94: Asteraceae | E94: Felicia | F94: amoena ssp. latifolia | G94: Feli amo | H94: ANNL SLS | I94: 6 | J94: 6 | K94: 3 | L94: 2 | M94: 1 | N94: 4 | O94: herb | P94: annual | R94: 35612 | T94: 1 | U94: 1 | W94: 1
A95: 94 | B95: =E95&" "&F95 -> Felicia tenella ssp. longifolia | C95: Asteraceae | E95: Felicia | F95: tenella ssp. longifolia | G95: Feli ten | H95: ANNL ERI | I95: 6 | J95: 6 | K95: 3 | L95: 3 | M95: 2 | N95: 5 | O95: herb | P95: annual | R95: 35612 | T95: 1 | U95: 1 | X95: 1
A96: 95 | B96: =E96&" "&F96 -> Gazania pectinata | C96: Asteraceae | E96: Gazania | F96: pectinata | G96: Gaza pec | H96: ANNL PIN | I96: 6 | J96: 6 | K96: 4 | L96: 5 | M96: 1 | N96: 4 | O96: herb | P96: annual | R96: 35612 | T96: 1 | U96: 1 | X96: 1
A97: 96 | B97: =E97&" "&F97 -> Gerbera crocea | C97: Asteraceae | D97: dialsabossie, danielsbossie | E97: Gerbera | F97: crocea | G97: Gerb cro | H97: PERL BLS | I97: 3 | J97: 6 | K97: 5 | L97: 1 | M97: 1 | N97: 2 | O97: herb | P97: perennial | R97: 36465 | T97: 1 | X97: 1
A98: 97 | B98: =E98&" "&F98 -> Gerbera tomentosa | C98: Asteraceae | D98: tontelblaarbossie | E98: Gerbera | F98: tomentosa | G98: Gerb tom | H98: PERL BLS | I98: 3 | J98: 6 | K98: 5 | L98: 2 | M98: 1 | N98: 1 | O98: shrub | P98: perennial | R98: 36923 | T98: 1 | X98: 1
A99: 98 | B99: =E99&" "&F99 -> Gymnodiscus capillaris | C99: Asteraceae | E99: Gymnodiscus | F99: capillaris | G99: Gymn cap | H99: ANNL BLS | I99: 6 | J99: 6 | K99: 4 | L99: 2 | M99: 1 | N99: 3 | O99: Succulent | P99: annual | R99: 36861 | T99: 1 | X99: 1
A100: 99 | B100: =E100&" "&F100 -> Haplocarpha lanata | C100: Asteraceae | D100: brandbossie | E100: Haplocarpha | F100: lanata | G100: Hapl lan | H100: PERL LNG | I100: 3 | J100: 6 | K100: 5 | L100: 4 | M100: 1 | N100: 2 | O100: herb | P100: perennial | R100: 35612 | T100: 1 | V100: 1
...

Sheet flora
A1: 09.11. 2004 | B1: taxon | D1: taxon | G1: abbreviations | I1: life form (Mergili) | O1: life form (Gernandt & Privett) | Q1: status (red data) | R1: record | U1: Habitat
B2: scientific name | C2: family | D2: Common Name | E2: genus | F2: species | G2: taxon | H2: life form | I2: 1 | J2: 2 | K2: 3 | L2: 4 | M2: 5 | N2: 6 | R2: date | S2: to collect | T2: collected | U2: DN | V2: LS | W2: SP | X2: TM | Y2: MW | Z2: AM | AA2: WL | AB2: RP
A3: 1 | B3: =E3&" "&F3 -> Agapanthus africanus | C3: Agapanthaceae | D3: bloulelie | E3: Agapanthus | F3: africanus | G3: Agap afr | H3: GEOL BLS | I3: 4 | J3: 6 | K3: 5 | L3: 2 | M3: 1 | N3: 1 | O3: Geophyte | P3: perennial | R3: 35612 | S3: X | U3: 1
A4: 2 | B4: =E4&" "&F4 -> Carpanthea pomeridiana | C4: Aizoaceae | D4: vetkousie | E4: Carpanthea | F4: pomeridiana | G4: Carp pom | H4: ANNL BLF | I4: 6 | J4: 6 | K4: 3 | L4: 1 | M4: 4 | N4: 3 | O4: herb | P4: annual | R4: 36069 | T4: 1 | U4: 1
A5: 3 | B5: =E5&" "&F5 -> Carpobrotus acinaciformis | C5: Aizoaceae | D5: hottentot fig, sour fig, suurvy | E5: Carpobrotus | F5: acinaciformis | G5: Carp aci | H5: PERL BLF | I5: 3 | J5: 6 | K5: 3 | L5: 2 | M5: 3 | N5: 3 | O5: Succulent | P5: perennial | R5: 35612 | T5: 1 | U5: 1 | V5: 1 | W5: 1 | X5: 1 | AB5: 1
A6: 4 | B6: =E6&" "&F6 -> Carpobrotus edulis | C6: Aizoaceae | D6: hottentot fig, sour fig, suurvy | E6: Carpobrotus | F6: edulis | G6: Carp edu | H6: PERL BLF | I6: 3 | J6: 6 | K6: 3 | L6: 2 | M6: 3 | N6: 3 | O6: Succulent | P6: perennial | R6: 35612 | T6: 1 | U6: 1
A7: 5 | B7: =E7&" "&F7 -> Dorotheanthus bellidiformis | C7: Aizoaceae | D7: livingstone daisy, bokbaaivygie | E7: Dorotheanthus | F7: bellidiformis | G7: Doro bel | H7: ANNL BLF | I7: 6 | J7: 6 | K7: 3 | L7: 2 | M7: 3 | N7: 3 | O7: succulent | P7: annual | Q7: nt | R7: 36069 | T7: 1 | U7: 1
A8: 6 | B8: =E8&" "&F8 -> Drosanthemum intermedium | C8: Aizoaceae | E8: Drosanthemum | F8: intermedium | G8: Dros int | H8: SHRD ERI | I8: 2 | J8: 6 | K8: 3 | L8: 2 | M8: 3 | N8: 5 | O8: Shrublet | P8: perennial | R8: 35947 | T8: 1 | U8: 1
A9: 7 | B9: =E9&" "&F9 -> Galenia ecklonis | C9: Aizoaceae | D9: rooiloodjie | E9: Galenia | F9: ecklonis | G9: Gale eck | H9: SHRD ERI | I9: 2 | J9: 6 | K9: 3 | L9: 3 | M9: 4 | N9: 5 | O9: Shrublet | P9: perennial | R9: 37257 | T9: 1
A10: 8 | B10: =E10&" "&F10 -> Jordaaniella dubia | C10: Aizoaceae | D10: strandvygie | E10: Jordaaniella | F10: dubia | G10: Jord dub | H10: XXXX XXX | I10: 9 | J10: 6 | K10: 9 | L10: 9 | M10: 4 | N10: 9 | O10: Succulent | P10: perennial | R10: 38108 | U10: 1
A11: 9 | B11: =E11&" "&F11 -> Lampranthus aestivus | C11: Aizoaceae | E11: Lampranthus | F11: aestivus | G11: Lamp aes | H11: SHRD SLF | I11: 2 | J11: 6 | K11: 3 | L11: 2 | M11: 3 | N11: 4 | O11: Shrublet* | P11: perennial | T11: 1 | X11: 1
A12: 10 | B12: =E12&" "&F12 -> Lampranthus caudatus | C12: Aizoaceae | E12: Lampranthus | F12: caudatus | G12: Lamp cau | H12: SHRD ERI | I12: 2 | J12: 6 | K12: 3 | L12: 2 | M12: 3 | N12: 5 | O12: Shrublet* | P12: perennial | R12: 36892 | T12: 1 | X12: 1
A13: 11 | B13: =E13&" "&F13 -> Lampranthus explanatus | C13: Aizoaceae | E13: Lampranthus | F13: explanatus | G13: Lamp exp | H13: PERL SLF | I13: 3 | J13: 6 | K13: 5 | L13: 2 | M13: 3 | N13: 4 | O13: Shrublet* | P13: perennial | R13: 35612 | T13: 1 | U13: 1 | V13: 1
A14: 12 | B14: =E14&" "&F14 -> Lampranthus furvus | C14: Aizoaceae | E14: Lampranthus | F14: furvus | G14: Lamp fur | H14: SHRD ERI | I14: 2 | J14: 6 | K14: 2 | L14: 2 | M14: 3 | N14: 5 | O14: Shrublet* | P14: perennial | R14: 35947 | T14: 1 | V14: 1
A15: 13 | B15: =E15&" "&F15 -> Lampranthus simulans | C15: Aizoaceae | E15: Lampranthus | F15: simulans | G15: Lamp sim | H15: SHRD ERI | I15: 2 | J15: 6 | K15: 2 | L15: 2 | M15: 3 | N15: 5 | O15: Shrublet* | P15: perennial | R15: 35886 | T15: 1 | X15: 1
A16: 14 | B16: =E16&" "&F16 -> Phyllobolus canaliculatus | C16: Aizoaceae | E16: Phyllobolus | F16: canaliculatus | G16: Phyl can | H16: GEOL SLF | I16: 4 | J16: 6 | K16: 2 | L16: 2 | M16: 4 | N16: 4 | O16: Geophyte | P16: perennial | R16: 36861 | T16: 1 | W16: 1 | X16: 1
A17: 15 | B17: =E17&" "&F17 -> Ruschia calcicola | C17: Aizoaceae | E17: Ruschia | F17: calcicola | G17: Rusc cal | H17: SHRD SLF | I17: 2 | J17: 6 | K17: 2 | L17: 2 | M17: 3 | N17: 4 | O17: shrublet | P17: perennial | R17: 35947 | T17: 1 | V17: 1
A18: 16 | B18: =E18&" "&F18 -> Ruschia sarmentosa | C18: Aizoaceae | E18: Ruschia | F18: sarmentosa | G18: Rusc sar | H18: SHRD BLF | I18: 2 | J18: 6 | K18: 5 | L18: 2 | M18: 3 | N18: 3 | O18: shrublet | P18: perennial | R18: 35612 | T18: 1 | U18: 1 | V18: 1 | X18: 1
A19: 17 | B19: =E19&" "&F19 -> Tetragonia echinata | C19: Aizoaceae | E19: Tetragonia | F19: echinata | G19: Tetr ech | H19: ANNL SLF | I19: 6 | J19: 6 | K19: 3 | L19: 1 | M19: 3 | N19: 4 | O19: Succulent | P19: annual | R19: 37226 | T19: 1 | U19: 1
A20: 18 | B20: =E20&" "&F20 -> Tetragonia fruticosa | C20: Aizoaceae | D20: kinkelbossie | E20: Tetragonia | F20: fruticosa | G20: Tetr fru | H20: SHRL SLF | I20: 2 | J20: 5 | K20: 3 | L20: 2 | M20: 3 | N20: 4 | O20: shrub | P20: perennial | R20: 35855 | T20: 1 | U20: 1 | Y20: 1
A21: 19 | B21: =E21&" "&F21 -> Tulbaghia capensis | C21: Alliaceae | D21: wild garlic | E21: Tulbaghia | F21: capensis | G21: Tulb cap | H21: GEOL GRA | I21: 4 | J21: 6 | K21: 5 | L21: 3 | M21: 1 | N21: 1 | O21: Geophyte | P21: perennial | R21: 36586 | S21: X | X21: 1
A22: 20 | B22: =E22&" "&F22 -> Exomis microphylla var. axyroides | C22: Amaranthaceae | D22: brakbossie | E22: Exomis | F22: microphylla var. axyroides | G22: Exom mic | H22: SHRL BLS | I22: 2 | J22: 5 | K22: 3 | L22: 2 | M22: 1 | N22: 3 | O22: shrub | P22: perennial | R22: 37012 | T22: 1 | U22: 1
A23: 21 | B23: =E23&" "&F23 -> Brunsvigia orientalis | C23: Amaryllidaceae | D23: candelabra flower | E23: Brunsvigia | F23: orientalis | G23: Brun ori | H23: GEOL BLS | I23: 4 | J23: 6 | K23: 5 | L23: 1 | M23: 1 | N23: 3 | O23: Geophyte | P23: perennial | R23: 35612 | S23: P | U23: 1
A24: 22 | B24: =E24&" "&F24 -> Cyrtanthus leucanthus | C24: Amaryllidaceae | D24: witbrandlelie | E24: Cyrtanthus | F24: leucanthus | G24: Cyrt leu | H24: GEOL BLS | I24: 4 | J24: 6 | K24: 5 | L24: 2 | M24: 1 | N24: 1 | O24: Geophyte | P24: perennial | Q24: R | R24: 35796 | T24: 1 | X24: 1
A25: 23 | B25: =E25&" "&F25 -> Haemanthus coccineus | C25: Amaryllidaceae | D25: April fool, velskoenblaar, brandlelie | E25: Haemanthus | F25: coccineus | G25: Haem coc | H25: GEOL BLF | I25: 4 | J25: 6 | K25: 5 | L25: 1 | M25: 4 | N25: 1 | O25: Geophyte | P25: perennial | R25: 35612 | T25: 1 | U25: 1 | Z25: 1
A26: 24 | B26: =E26&" "&F26 -> Haemanthus sanguineus | C26: Amaryllidaceae | D26: April fool, velskoenblaar, brandlelie | E26: Haemanthus | F26: sanguineus | G26: Haem san | H26: GEOL BLF | I26: 4 | J26: 6 | K26: 5 | L26: 1 | M26: 4 | N26: 1 | O26: Geophyte | P26: perennial | R26: 35855 | T26: 1 | U26: 1
A27: 25 | B27: =E27&" "&F27 -> Nerine humilis | C27: Amaryllidaceae | E27: Nerine | F27: humilis | G27: Neri hum | H27: GEOL XXX | I27: 4 | J27: 6 | K27: 5 | L27: 9 | M27: 9 | N27: 9 | O27: Geophyte | P27: perennial | R27: 38108 | T27: 1 | U27: 1
A28: 26 | B28: =E28&" "&F28 -> Rhus crenata | C28: Anacardiaceae | D28: dune crow-berry, duinekraaibessie | E28: Rhus | F28: crenata | G28: Rhus cre | H28: SHRH SLH | I28: 2 | J28: 3 | K28: 2 | L28: 1 | M28: 2 | N28: 4 | O28: Shrub to tree | P28: perennial | R28: 35796 | T28: 1 | U28: 1
A29: 27 | B29: =E29&" "&F29 -> Rhus glauca | C29: Anacardiaceae | D29: blue kuni-bush, bloukoenibos | E29: Rhus | F29: glauca | G29: Rhus gla | H29: SHRH SLH | I29: 2 | J29: 3 | K29: 2 | L29: 1 | M29: 2 | N29: 4 | O29: Shrub to tree | P29: perennial | R29: 35612 | T29: 1 | U29: 1 | Y29: 1
A30: 28 | B30: =E30&" "&F30 -> Rhus laevigata var. laevigata | C30: Anacardiaceae | D30: dune taaibos, duinetaaibos | E30: Rhus | F30: laevigata var. laevigata | G30: Rhus lae | H30: SHRH BLH | I30: 2 | J30: 3 | K30: 2 | L30: 1 | M30: 2 | N30: 3 | O30: Shrub | P30: perennial | R30: 35612 | T30: 1 | U30: 1 | V30: 1 | Y30: 1
A31: 29 | B31: =E31&" "&F31 -> Rhus laevigata var. villosa | C31: Anacardiaceae | D31: dune taaibos, duinetaaibos | E31: Rhus | F31: laevigata var. villosa | G31: Rhus lae | H31: SHRH BLH | I31: 2 | J31: 3 | K31: 2 | L31: 1 | M31: 2 | N31: 3 | O31: Shrub | P31: perennial | R31: 35612 | U31: 1 | V31: 1
A32: 30 | B32: =E32&" "&F32 -> Rhus lucida | C32: Anacardiaceae | D32: blinktaaibos | E32: Rhus | F32: lucida | G32: Rhus luc | H32: SHRH BLH | I32: 2 | J32: 3 | K32: 2 | L32: 1 | M32: 2 | N32: 3 | O32: Shrub | P32: perennial | R32: 35612 | T32: 1 | U32: 1 | V32: 1 | W32: 1 | X32: 1 | Y32: 1 | AA32: 1
A33: 31 | B33: =E33&" "&F33 -> Rhus rosmarinifolia | C33: Anacardiaceae | D33: roosmaryntaaibos | E33: Rhus | F33: rosmarinifolia | G33: Rhus ros | H33: SHRL NED | I33: 2 | J33: 5 | K33: 2 | L33: 3 | M33: 2 | N33: 3 | O33: Shrub | P33: perennial | R33: 35612 | T33: 1 | V33: 1 | X33: 1
A34: 32 | B34: =E34&" "&F34 -> Rhus tomentosa | C34: Anacardiaceae | D34: wild currant, korentebos | E34: Rhus | F34: tomentosa | G34: Rhus tom | H34: SHRH BLH | I34: 2 | J34: 3 | K34: 2 | L34: 1 | M34: 2 | N34: 3 | O34: Shrub to tree | P34: perennial | R34: 35886 | T34: 1 | U34: 1 | Z34: 1
A35: 33 | B35: =E35&" "&F35 -> Annesorhiza macrocarpa | C35: Apiaceae | D35: wilde-anyswortel | E35: Annesorhiza | F35: macrocarpa | G35: Anne mac | H35: PERH PIN | I35: 3 | J35: 4 | K35: 2 | L35: 5 | M35: 1 | N35: 2 | P35: perennial | R35: 35612 | T35: 1 | V35: 1
A36: 34 | B36: =E36&" "&F36 -> Arctopus echinatus | C36: Apiaceae | D36: platdoring, pokkiesdoring | E36: Arctopus | F36: echinatus | G36: Arct ech | H36: PERL BLH | I36: 3 | J36: 6 | K36: 5 | L36: 1 | M36: 2 | N36: 1 | O36: herb | P36: perennial | R36: 35855 | T36: 1 | X36: 1
A37: 35 | B37: =E37&" "&F37 -> Berula erecta ssp. thunbergii | C37: Apiaceae | D37: tandpynwortel, water parsnip | E37: Berula | F37: erecta ssp. thunbergii | G37: Beru ere | H37: ANNM SLS | I37: 6 | J37: 5 | K37: 4 | L37: 1 | M37: 1 | N37: 4 | O37: herb | P37: annual | R37: 35947 | T37: 1 | AA37: 1
A38: 36 | B38: =E38&" "&F38 -> Hermas villosa | C38: Apiaceae | D38: tontelblaar, tonteldoek | E38: Hermas | F38: villosa | G38: Herm vil | H38: SHRL BLH | I38: 2 | J38: 5 | K38: 5 | L38: 1 | M38: 2 | N38: 2 | O38: Shrub | P38: perennial | R38: 35612 | T38: 1 | X38: 1
A39: 37 | B39: =E39&" "&F39 -> Itasina filifolia | C39: Apiaceae | D39: grass-parsley | E39: Itasina | F39: filifolia | G39: Itas fil | H39: PERL APH | I39: 3 | J39: 6 | K39: 0 | L39: 7 | M39: 0 | N39: 0 | O39: herb | P39: perennial | R39: 36923 | T39: 1 | X39: 1
A40: 38 | B40: =E40&" "&F40 -> Peucedanum capillaceum | C40: Apiaceae | E40: Peucedanum | F40: capillaceum | G40: Peuc cap | H40: PERM PIN | I40: 3 | J40: 5 | K40: 2 | L40: 5 | M40: 1 | N40: 3 | O40: herb | P40: perennial | R40: 36923 | T40: 1 | X40: 1
A41: 39 | B41: =E41&" "&F41 -> Peucedanum ferulaceum | C41: Apiaceae | D41: bergseldery | E41: Peucedanum | F41: ferulaceum | G41: Peuc fer | H41: PERH PIN | I41: 3 | J41: 4 | K41: 4 | L41: 5 | M41: 1 | N41: 3 | O41: shrub | P41: perennial | R41: 36161 | T41: 1 | U41: 1 | X41: 1
A42: 40 | B42: =E42&" "&F42 -> Sonderina hispida | C42: Apiaceae | E42: Sonderina | F42: hispida | G42: Sond his | H42: ANNL PIN | I42: 6 | J42: 6 | K42: 3 | L42: 5 | M42: 1 | N42: 4 | O42: herb | P42: annual | R42: 36161 | T42: 1 | U42: 1 | W42: 1 | X42: 1
A43: 41 | B43: =E43&" "&F43 -> Sonderina tenuis | C43: Apiaceae | D43: tandpynwortel | E43: Sonderina | F43: tenuis | G43: Sond ten | H43: ANNL PIN | I43: 6 | J43: 6 | K43: 3 | L43: 5 | M43: 1 | N43: 4 | O43: herb | P43: annual | R43: 36220 | S43: X | U43: 1 | W43: 1 | X43: 1
A44: 42 | B44: =E44&" "&F44 -> Astephanus triflorus | C44: Apocynaceae | E44: Astephanus | F44: triflorus | G44: Aste tri | H44: CLIM SLS | I44: 7 | J44: 5 | K44: 3 | L44: 2 | M44: 1 | N44: 4 | O44: climber | P44: perennial | R44: 37073 | T44: 1 | X44: 1
A45: 43 | B45: =E45&" "&F45 -> Cynanchum africanum | C45: Apocynaceae | D45: bobbejaantou, bokhoring, klimop | E45: Cynanchum | F45: africanum | G45: Cyna afr | H45: CLIM NED | I45: 7 | J45: 5 | K45: 3 | L45: 3 | M45: 2 | N45: 3 | O45: climber | P45: perennial | R45: 35612 | T45: 1 | U45: 1 | X45: 1
A46: 44 | B46: =E46&" "&F46 -> Cynanchum obtusifolium | C46: Apocynaceae | D46: monkey rope, melktou | E46: Cynanchum | F46: obtusifolium | G46: Cyna obt | H46: CLIM BLH | I46: 7 | J46: 3 | K46: 3 | L46: 1 | M46: 2 | N46: 3 | O46: Climber | P46: perennial | R46: 35612 | S46: X | V46: 1 | Y46: 1 | Z46: 1
A47: 45 | B47: =E47&" "&F47 -> Gomphocarpus fruticosus | C47: Apocynaceae | D47: shruppy, milkweed, tontelbossie | E47: Gomphocarpus | F47: fruticosus | G47: Gomp fru | H47: SHRM BLS | I47: 2 | J47: 4 | K47: 2 | L47: 2 | M47: 1 | N47: 2 | O47: Shrub | P47: perennial | R47: 35855 | T47: 1
A48: 46 | B48: =E48&" "&F48 -> Microloma sagittatum | C48: Apocynaceae | D48: bokhorinkies, wax creeper | E48: Microloma | F48: sagittatum | G48: Micr sag | H48: CLIM SLH | I48: 7 | J48: 5 | K48: 3 | L48: 2 | M48: 2 | N48: 4 | O48: Climber | P48: perennial | R48: 36404 | T48: 1 | U48: 1 | W48: 1 | X48: 1
A49: 47 | B49: =E49&" "&F49 -> Microloma tenuifolium | C49: Apocynaceae | D49: wax vine, kannetjies, skilpadbos | E49: Microloma | F49: tenuifolium | G49: Micr ten | H49: CLIM BLH | I49: 7 | J49: 5 | K49: 3 | L49: 2 | M49: 2 | N49: 2 | O49: Climber | P49: perennial | R49: 36039 | S49: X | U49: 1 | W49: 1 | X49: 1
A50: 48 | B50: =E50&" "&F50 -> Schizoglossum aschersonianum | C50: Apocynaceae | E50: Schizoglossum | F50: aschersonianum | G50: Schi asc | H50: PERL BLS | I50: 3 | J50: 6 | K50: 2 | L50: 2 | M50: 1 | N50: 3 | P50: perennial | R50: 37257 | T50: 1 | X50: 1
A51: 49 | B51: =E51&" "&F51 -> Secamone alpini | C51: Apocynaceae | D51: monkey rope, melktou | E51: Secamone | F51: alpini | G51: Seca alp | H51: CLIM BLS | I51: 7 | J51: 2 | K51: 3 | L51: 1 | M51: 1 | N51: 3 | O51: shrub | P51: perennial | R51: 35612 | T51: 1 | Z51: 1
A52: 50 | B52: =E52&" "&F52 -> Zantedeschia aethiopica | C52: Araceae | D52: arum or pig lily, varkblom | E52: Zantedeschia | F52: aethiopica | G52: Zant aet | H52: GEOM BLH | I52: 4 | J52: 5 | K52: 5 | L52: 1 | M52: 2 | N52: 1 | O52: Geophyte | P52: perennial | R52: 35612 | T52: 1 | Y52: 1 | AA52: 1
A53: 51 | B53: =E53&" "&F53 -> Centella affinis | C53: Araliaceae | E53: Centella | F53: affinis | G53: Cent aff | H53: PERL LNG | I53: 3 | J53: 6 | K53: 3 | L53: 3 | M53: 1 | N53: 3 | O53: herb | P53: perennial | R53: 37316 | T53: 1
A54: 52 | B54: =E54&" "&F54 -> Centella macrocarpa | C54: Araliaceae | E54: Centella | F54: macrocarpa | G54: Cent mac | H54: PERL PIN | I54: 3 | J54: 6 | K54: 2 | L54: 5 | M54: 2 | N54: 2 | O54: herb | P54: perennial | R54: 37288 | T54: 1 | X54: 1
A55: 53 | B55: =E55&" "&F55 -> Centella tridentata | C55: Araliaceae | E55: Centella | F55: tridentata | G55: Cent tri | H55: ANNL BLS | I55: 6 | J55: 6 | K55: 2 | L55: 2 | M55: 1 | N55: 3 | O55: herb | P55: ann. or per. | R55: 37591 | T55: 1 | W55: 1 | X55: 1
A56: 54 | B56: =E56&" "&F56 -> Asparagus aethiopicus | C56: Asparagaceae | D56: haakdoring | E56: Asparagus | F56: aethiopicus | G56: Aspa aet | H56: CLIM ERI | I56: 7 | J56: 3 | K56: 3 | L56: 3 | M56: 1 | N56: 4 | O56: Climber | P56: perennial | R56: 35612 | T56: 1 | Y56: 1 | Z56: 1
A57: 55 | B57: =E57&" "&F57 -> Asparagus capensis | C57: Asparagaceae | D57: katdoring | E57: Asparagus | F57: capensis | G57: Aspa cap | H57: SHRL ERI | I57: 2 | J57: 5 | K57: 3 | L57: 3 | M57: 2 | N57: 5 | O57: Shrub | P57: perennial | R57: 36617 | S57: X | X57: 1
A58: 56 | B58: =E58&" "&F58 -> Asparagus ovatus | C58: Asparagaceae | E58: Asparagus | F58: ovatus | G58: Aspa ova | H58: SHRL BLS | I58: 2 | J58: 5 | K58: 2 | L58: 1 | M58: 1 | N58: 3 | O58: shrub | P58: perennial | R58: 37196 | T58: 1 | U58: 1
A59: 57 | B59: =E59&" "&F59 -> Asparagus rubicundus | C59: Asparagaceae | D59: Wag-'n-bietjie | E59: Asparagus | F59: rubicundus | G59: Aspa rub | H59: SHRM ERI | I59: 2 | J59: 4 | K59: 3 | L59: 3 | M59: 1 | N59: 5 | O59: shrub | P59: perennial | R59: 35612 | T59: 1 | V59: 1
A60: 58 | B60: =E60&" "&F60 -> Asparagus scandens | C60: Asparagaceae | E60: Asparagus | F60: scandens | G60: Aspa sca | H60: SHRM SLS | I60: 2 | J60: 4 | K60: 3 | L60: 2 | M60: 1 | N60: 4 | O60: shrub | P60: perennial | R60: 35612 | T60: 1 | Z60: 1
A61: 59 | B61: =E61&" "&F61 -> Asparagus volubilis | C61: Asparagaceae | E61: Asparagus | F61: volubilis | G61: Aspa vol | H61: SHRL BLS | I61: 2 | J61: 5 | K61: 3 | L61: 2 | M61: 1 | N61: 3 | O61: shrub | P61: perennial | R61: 36861 | T61: 1 | Y61: 1
A62: 60 | B62: =E62&" "&F62 -> Bulbine annua | C62: Asphodelaceae | E62: Bulbine | F62: annua | G62: Bulb ann | H62: ANNL BLS | I62: 6 | J62: 6 | K62: 5 | L62: 2 | M62: 1 | N62: 1 | O62: Geophyte | P62: annual | R62: 36161 | T62: 1 | X62: 1
A63: 61 | B63: =E63&" "&F63 -> Bulbine favosa | C63: Asphodelaceae | E63: Bulbine | F63: favosa | G63: Bulb fav | H63: GEOL GRA | I63: 4 | J63: 6 | K63: 5 | L63: 3 | M63: 1 | N63: 1 | O63: Geophyte | R63: 35796 | S63: X | X63: 1
A64: 62 | B64: =E64&" "&F64 -> Bulbine foleyi | C64: Asphodelaceae | E64: Bulbine | F64: foleyi | G64: Bulb fol | H64: GEOL GRA | I64: 4 | J64: 6 | K64: 5 | L64: 3 | M64: 1 | N64: 1 | O64: Geophyte | R64: 36192 | T64: 1 | X64: 1
A65: 63 | B65: =E65&" "&F65 -> Bulbine lagopus | C65: Asphodelaceae | E65: Bulbine | F65: lagopus | G65: Bulb lag | H65: GEOL BLS | I65: 4 | J65: 6 | K65: 5 | L65: 2 | M65: 1 | N65: 1 | O65: Geophyte | R65: 36069 | T65: 1 | U65: 1
A66: 64 | B66: =E66&" "&F66 -> Bulbinella triquetra | C66: Asphodelaceae | E66: Bulbinella | F66: triquetra | G66: Bulb tri | H66: GEOL LNG | I66: 4 | J66: 6 | K66: 5 | L66: 3 | M66: 1 | N66: 2 | O66: Geophyte | R66: 36465 | T66: 1 | X66: 1
A67: 65 | B67: =E67&" "&F67 -> Kniphofia uvaria | C67: Asphodelaceae | D67: red hot poker | E67: Kniphofia | F67: uvaria | G67: Knip uva | H67: PERM BLS | I67: 3 | J67: 5 | K67: 5 | L67: 2 | M67: 1 | N67: 1 | O67: Geophyte | P67: perennial | R67: 37257 | T67: 1 | X67: 1
A68: 66 | B68: =E68&" "&F68 -> Trachyandra ciliata | C68: Asphodelaceae | D68: wildeblomkool | E68: Trachyandra | F68: ciliata | G68: Trac cil | H68: PERL GRA | I68: 3 | J68: 6 | K68: 5 | L68: 3 | M68: 1 | N68: 1 | O68: Geophyte | P68: perennial | R68: 36861 | S68: X | U68: 1
A69: 67 | B69: =E69&" "&F69 -> Trachyandra hirsuta | C69: Asphodelaceae | E69: Trachyandra | F69: hirsuta | G69: Trac hir | H69: PERM BLS | I69: 3 | J69: 5 | K69: 5 | L69: 2 | M69: 1 | N69: 1 | O69: Geophyte | P69: perennial | R69: 36861 | T69: 1 | X69: 1
A70: 68 | B70: =E70&" "&F70 -> Trachyandra revoluta | C70: Asphodelaceae | D70: watergras, hottentotskool | E70: Trachyandra | F70: revoluta | G70: Trac rev | H70: PERM GRA | I70: 3 | J70: 5 | K70: 5 | L70: 3 | M70: 1 | N70: 1 | O70: Geophyte | P70: perennial | R70: 36404 | T70: 1 | U70: 1 | X70: 1
A71: 69 | B71: =E71&" "&F71 -> Trachyandra tabularis | C71: Asphodelaceae | E71: Trachyandra | F71: tabularis | G71: Trac tab | H71: PERH GRA | I71: 3 | J71: 4 | K71: 5 | L71: 3 | M71: 1 | N71: 1 | O71: Geophyte | P71: perennial | R71: 37408 | S71: x
A72: 70 | B72: =E72&" "&F72 -> Asplenium adiantum-nigrum | C72: Aspleniaceae | E72: Asplenium | F72: adiantum-nigrum | G72: Aspl adi | H72: PERL LNG | I72: 3 | J72: 6 | K72: 3 | L72: 4 | M72: 1 | N72: 2 | O72: Fern | P72: perennial | R72: 35612 | T72: 1 | Z72: 1
A73: 71 | B73: =E73&" "&F73 -> Arctotheca calendula | C73: Asteraceae | D73: Cape weed | E73: Arctotheca | F73: calendula | G73: Arct cal | H73: ANNL SLS | I73: 6 | J73: 6 | K73: 4 | L73: 2 | M73: 1 | N73: 4 | O73: herb | P73: annual | R73: 36617 | T73: 1 | U73: 1
A74: 72 | B74: =E74&" "&F74 -> Arctotis acaulis | C74: Asteraceae | D74: renostergousblom | E74: Arctotis | F74: acaulis | G74: Arct aca | H74: PERL PIN | I74: 3 | J74: 6 | K74: 4 | L74: 5 | M74: 1 | N74: 2 | O74: herb | P74: perennial | R74: 36130 | T74: 1 | U74: 1 | X74: 1
A75: 73 | B75: =E75&" "&F75 -> Arctotis schlechteri | C75: Asteraceae | E75: Arctotis | F75: schlechteri | G75: Arct sch | H75: PERL BLS | I75: 3 | J75: 6 | K75: 4 | L75: 2 | M75: 1 | N75: 3 | O75: herb | P75: perennial | R75: 35947 | T75: 1 | X75: 1
A76: 74 | B76: =E76&" "&F76 -> Artemisia afra | C76: Asteraceae | D76: wormwood, wilde-alsies | E76: Artemisia | F76: afra | G76: Arte afr | H76: SHRL PIN | I76: 2 | J76: 5 | K76: 3 | L76: 5 | M76: 1 | N76: 3 | O76: shrub | P76: perennial | R76: 35612 | T76: 1 | U76: 1 | AA76: 1
A77: 75 | B77: =E77&" "&F77 -> Athanasia dentata | C77: Asteraceae | E77: Athanasia | F77: dentata | G77: Atha den | H77: SHRM ERI | I77: 2 | J77: 4 | K77: 3 | L77: 3 | M77: 1 | N77: 5 | O77: shrub | P77: perennial | R77: 35612 | T77: 1 | U77: 1 | V77: 1 | X77: 1
A78: 76 | B78: =E78&" "&F78 -> Athanasia quinquedentata ssp. quinquedentata | C78: Asteraceae | E78: Athanasia | F78: quinquedentata ssp. quinquedentata | G78: Atha qui | H78: SHRL ERI | I78: 2 | J78: 5 | K78: 3 | L78: 2 | M78: 1 | N78: 5 | O78: shrub | P78: perennial | Q78: K | R78: 36923 | T78: 1 | U78: 1 | V78: 1 | X78: 1
A79: 77 | B79: =E79&" "&F79 -> Athanasia trifurcata | C79: Asteraceae | D79: kouterbossie | E79: Athanasia | F79: trifurcata | G79: Atha tri | H79: SHRM ERI | I79: 2 | J79: 4 | K79: 3 | L79: 3 | M79: 1 | N79: 5 | O79: Shrub | P79: perennial | R79: 35612 | T79: 1 | U79: 1
A80: 78 | B80: =E80&" "&F80 -> Berkheya rigida | C80: Asteraceae | E80: Berkheya | F80: rigida | G80: Berk rig | H80: PERM BLS | I80: 3 | J80: 5 | K80: 3 | L80: 2 | M80: 1 | N80: 3 | O80: shrub | P80: perennial | R80: 37226 | T80: 1 | U80: 1
A81: 79 | B81: =E81&" "&F81 -> Chrysanthemoides monilifera | C81: Asteraceae | D81: brother berry, bietou | E81: Chrysanthemoides | F81: monilifera | G81: Chry mon | H81: SHRM BLH | I81: 2 | J81: 4 | K81: 3 | L81: 1 | M81: 2 | N81: 3 | O81: Shrub | P81: perennial | R81: 35612 | T81: 1 | U81: 1 | V81: 1 | W81: 1
A82: 80 | B82: =E82&" "&F82 -> Chrysocoma coma-aurea | C82: Asteraceae | E82: Chrysocoma | F82: coma-aurea | G82: Chry com | H82: SHRD ERI | I82: 2 | J82: 6 | K82: 3 | L82: 3 | M82: 1 | N82: 5 | O82: shrublet | P82: perennial | R82: 35612 | T82: 1 | W82: 1 | X82: 1
A83: 81 | B83: =E83&" "&F83 -> Cineraria geifolia | C83: Asteraceae | E83: Cineraria | F83: geifolia | G83: Cine gei | H83: PERM BLS | I83: 3 | J83: 5 | K83: 3 | L83: 1 | M83: 1 | N83: 3 | O83: shrub | P83: perennial | R83: 37500 | T83: 1 | W83: 1
A84: 82 | B84: =E84&" "&F84 -> Corymbium africanum | C84: Asteraceae | D84: heuningbossie, plampers | E84: Corymbium | F84: africanum | G84: Cory afr | H84: PERL GRA | I84: 3 | J84: 6 | K84: 5 | L84: 3 | M84: 1 | N84: 1 | O84: Geophyte | P84: perennial | Q84: nt | R84: 35612 | T84: 1 | V84: 1 | X84: 1
A85: 83 | B85: =E85&" "&F85 -> Cotula turbinata | C85: Asteraceae | D85: batchelor buttons, ganskos | E85: Cotula | F85: turbinata | G85: Cotu tur | H85: ANNL PIN | I85: 6 | J85: 6 | K85: 4 | L85: 5 | M85: 1 | N85: 4 | O85: herb | P85: annual | R85: 35612 | T85: 1 | U85: 1
A86: 84 | B86: =E86&" "&F86 -> Cullumia setosa | C86: Asteraceae | D86: steekhaarbossie | E86: Cullumia | F86: setosa | G86: Cull set | H86: SHRL ERI | I86: 2 | J86: 5 | K86: 3 | L86: 1 | M86: 2 | N86: 5 | O86: shrub | P86: perennial | R86: 35855 | T86: 1 | X86: 1
A87: 85 | B87: =E87&" "&F87 -> Cullumia squarrosa | C87: Asteraceae | D87: grootsteekhaarbos | E87: Cullumia | F87: squarrosa | G87: Cull squ | H87: SHRD SLH | I87: 2 | J87: 6 | K87: 3 | L87: 2 | M87: 2 | N87: 4 | O87: shrublet | P87: perennial | R87: 35612 | T87: 1 | U87: 1 | V87: 1
A88: 86 | B88: =E88&" "&F88 -> Dimorphotheca nudicaulis | C88: Asteraceae | D88: wildemargriet | E88: Dimorphotheca | F88: nudicaulis | G88: Dimo nud | H88: SHRD BLS | I88: 2 | J88: 6 | K88: 5 | L88: 2 | M88: 1 | N88: 3 | O88: shrublet | P88: perennial | R88: 37165 | T88: 1 | X88: 1
A89: 87 | B89: =E89&" "&F89 -> Disparago anomala | C89: Asteraceae | E89: Disparago | F89: anomala | G89: Disp ano | H89: SHRL ERI | I89: 2 | J89: 5 | K89: 3 | L89: 3 | M89: 1 | N89: 5 | O89: shrub | P89: perennial | R89: 35612 | T89: 1 | V89: 1
A90: 88 | B90: =E90&" "&F90 -> Disparago ericoides | C90: Asteraceae | E90: Disparago | F90: ericoides | G90: Disp eri | H90: SHRD ERI | I90: 2 | J90: 6 | K90: 3 | L90: 3 | M90: 1 | N90: 5 | O90: shrublet | P90: perennial | R90: 35796 | T90: 1 | X90: 1
A91: 89 | B91: =E91&" "&F91 -> Edmondia sesamoides | C91: Asteraceae | D91: sewejaartjie, strooiblommetjie | E91: Edmondia | F91: sesamoides | G91: Edmo ses | H91: SHRD ERI | I91: 2 | J91: 6 | K91: 3 | L91: 6 | M91: 2 | N91: 5 | O91: shrublet | P91: perennial | R91: 35612 | T91: 1 | W91: 1 | X91: 1
A92: 90 | B92: =E92&" "&F92 -> Eriocephalus africanus | C92: Asteraceae | D92: wild rosmary, kapokbossie | E92: Eriocephalus | F92: africanus | G92: Erio afr | H92: SHRL ERI | I92: 2 | J92: 5 | K92: 3 | L92: 3 | M92: 1 | N92: 5 | O92: Shrub | P92: perennial | R92: 35612 | T92: 1 | U92: 1
A93: 91 | B93: =E93&" "&F93 -> Eriocephalus racemosus | C93: Asteraceae | D93: kapkoppie | E93: Eriocephalus | F93: racemosus | G93: Erio rac | H93: SHRM ERI | I93: 2 | J93: 4 | K93: 3 | L93: 3 | M93: 1 | N93: 5 | O93: Shrub | P93: perennial | R93: 38292 | T93: 1 | U93: 1
A94: 92 | B94: =E94&" "&F94 -> Euryops abrotanifolius | C94: Asteraceae | D94: bergharpuisbos | E94: Euryops | F94: abrotanifolius | G94: Eury abr | H94: SHRL ERI | I94: 2 | J94: 5 | K94: 3 | L94: 3 | M94: 1 | N94: 4 | O94: Shrub | P94: perennial | R94: 35612 | T94: 1 | X94: 1
A95: 93 | B95: =E95&" "&F95 -> Felicia amoena ssp. latifolia | C95: Asteraceae | E95: Felicia | F95: amoena ssp. latifolia | G95: Feli amo | H95: ANNL SLS | I95: 6 | J95: 6 | K95: 3 | L95: 2 | M95: 1 | N95: 4 | O95: herb | P95: annual | R95: 35612 | T95: 1 | U95: 1 | W95: 1
A96: 94 | B96: =E96&" "&F96 -> Felicia tenella ssp. longifolia | C96: Asteraceae | E96: Felicia | F96: tenella ssp. longifolia | G96: Feli ten | H96: ANNL ERI | I96: 6 | J96: 6 | K96: 3 | L96: 3 | M96: 2 | N96: 5 | O96: herb | P96: annual | R96: 35612 | T96: 1 | U96: 1 | X96: 1
A97: 95 | B97: =E97&" "&F97 -> Gazania pectinata | C97: Asteraceae | E97: Gazania | F97: pectinata | G97: Gaza pec | H97: ANNL PIN | I97: 6 | J97: 6 | K97: 4 | L97: 5 | M97: 1 | N97: 4 | O97: herb | P97: annual | R97: 35612 | T97: 1 | U97: 1 | X97: 1
A98: 96 | B98: =E98&" "&F98 -> Gerbera crocea | C98: Asteraceae | D98: dialsabossie, danielsbossie | E98: Gerbera | F98: crocea | G98: Gerb cro | H98: PERL BLS | I98: 3 | J98: 6 | K98: 5 | L98: 1 | M98: 1 | N98: 2 | O98: herb | P98: perennial | R98: 36465 | T98: 1 | X98: 1
A99: 97 | B99: =E99&" "&F99 -> Gerbera tomentosa | C99: Asteraceae | D99: tontelblaarbossie | E99: Gerbera | F99: tomentosa | G99: Gerb tom | H99: PERL BLS | I99: 3 | J99: 6 | K99: 5 | L99: 2 | M99: 1 | N99: 1 | O99: shrub | P99: perennial | R99: 36923 | T99: 1 | X99: 1
A100: 98 | B100: =E100&" "&F100 -> Gymnodiscus capillaris | C100: Asteraceae | E100: Gymnodiscus | F100: capillaris | G100: Gymn cap | H100: ANNL BLS | I100: 6 | J100: 6 | K100: 4 | L100: 2 | M100: 1 | N100: 3 | O100: Succulent | P100: annual | R100: 36861 | T100: 1 | X100: 1
...

Sheet releves
A1: rel. | B1: type | C1: formation | D1: statistics | F1: releve | K1: sampling | M1: coordinates [m UTM WGS84] | O1: altitude [m] | R1: slope [°] | U1: aspect [°] | Y1: advanced topography (DEM) | AB1: vegetation age | AE1: soil physical properties | AI1: soil chemical properties | AP1: Nr. old
D2: a-diversity [sp.] | E2: total cover [%] | F2: dir. | G2: SW | H2: SE | I2: NW | J2: NE | K2: date | L2: researcher | M2: x | N2: y | O2: GPS | P2: altimeter | Q2: DEM | R2: clinometer | S2: DEM | T2: value | U2: compass | V2: DEM | W2: value | X2: code | Y2: flow | Z2: irradiation | AA2: wind | AB2: fire [record] | AC2: fire [map] | AD2: age [a] | AE2: substrate | AF2: soil depth [cm] | AG2: rock cover [%] | AH2: texture | AI2: pH | AJ2: res. | AK2: Na | AL2: P | AM2: K | AN2: Ca | AO2: Mg
A3: 1 | B3: core | C3: Milkwood Scrub Forest | D3: 12 | E3: 128.5 | F3: N | G3: IP | H3: NN | I3: NN | J3: NN | K3: 35600 | L3: G. Siebritz | M3: 354569 | N3: 6176568 | O3: ND | P3: ND | Q3: 225 | R3: 35 | S3: 16 | T3: =IF(OR(R3="ND",R3=""),S3,R3) -> 35 | V3: 209 | W3: =IF(OR(U3="ND",U3=""),V3,U3) -> 209 | X3: 1 | Y3: 0.54 | Z3: 89172 | AA3: 1361 | AB3: 999 | AC3: 0 | AD3: =IF(AC3=0,1000,IF(AC3=9999,"ND",(K3/365.25+1899)-AC3)) -> 1000 | AE3: 5 | AF3: 100 | AG3: 0 | AH3: Sand | AI3: 7.4 | AJ3: 590 | AK3: 216 | AL3: 156 | AM3: 147 | AN3: 42.05 | AO3: 6.92 | AP3: 1
A4: 2 | B4: core | C4: Milkwood Scrub Forest | D4: 12 | E4: 216.5 | F4: N | G4: IP | H4: NN | I4: NN | J4: NN | K4: 35600 | L4: G. Siebritz | M4: 354652 | N4: 6176530 | O4: ND | P4: ND | Q4: 225 | R4: 0 | S4: 10 | T4: =IF(OR(R4="ND",R4=""),S4,R4) -> 0 | V4: 217 | W4: =IF(OR(U4="ND",U4=""),V4,U4) -> 217 | X4: 0 | Y4: 1.296 | Z4: 96788 | AA4: 1241 | AB4: 999 | AC4: 0 | AD4: =IF(AC4=0,1000,IF(AC4=9999,"ND",(K4/365.25+1899)-AC4)) -> 1000 | AE4: 4 | AF4: 100 | AG4: 0 | AH4: Sand | AI4: 7.5 | AJ4: 640 | AK4: 173 | AL4: 129 | AM4: 125 | AN4: 36.04 | AO4: 4.49 | AP4: 2
A5: 3 | B5: core | C5: Milkwood Scrub Forest | D5: 13 | E5: 109 | F5: N | G5: IP | H5: NN | I5: NN | J5: NN | K5: 35601 | L5: G. Siebritz | M5: 354967 | N5: 6176375 | O5: ND | P5: ND | Q5: 233 | R5: 5 | S5: 8 | T5: =IF(OR(R5="ND",R5=""),S5,R5) -> 5 | V5: 198 | W5: =IF(OR(U5="ND",U5=""),V5,U5) -> 198 | X5: 2 | Y5: 0.159 | Z5: 98648 | AA5: 1438 | AB5: 999 | AC5: 0 | AD5: =IF(AC5=0,1000,IF(AC5=9999,"ND",(K5/365.25+1899)-AC5)) -> 1000 | AE5: 4 | AF5: 100 | AG5: 0 | AH5: Sand | AI5: 7.5 | AJ5: 490 | AK5: 238 | AL5: 121 | AM5: 179 | AN5: 54.5 | AO5: 5.98 | AP5: 3
A6: 4 | B6: core | C6: Afromontane Forest | D6: 18 | E6: 137 | F6: N | G6: IP | H6: NN | I6: NN | J6: NN | K6: 35601 | L6: G. Siebritz | M6: 356748 | N6: 6176730 | O6: ND | P6: ND | Q6: 332 | R6: 40 | S6: 7 | T6: =IF(OR(R6="ND",R6=""),S6,R6) -> 40 | V6: 155 | W6: =IF(OR(U6="ND",U6=""),V6,U6) -> 155 | X6: 3 | Y6: 1.755 | Z6: 98799 | AA6: 832 | AB6: 999 | AC6: 0 | AD6: =IF(AC6=0,1000,IF(AC6=9999,"ND",(K6/365.25+1899)-AC6)) -> 1000 | AE6: 1 | AF6: 35 | AG6: 10 | AH6: Sand | AI6: 6.4 | AJ6: 440 | AK6: 169 | AL6: 126 | AM6: 207 | AN6: 43.02 | AO6: 7.24 | AP6: 4
A7: 5 | B7: core | C7: Afromontane Forest | D7: 16 | E7: 128.5 | F7: N | G7: IP | H7: NN | I7: NN | J7: NN | K7: 35611 | L7: G. Siebritz | M7: 356754 | N7: 6176646 | O7: ND | P7: ND | Q7: 324 | R7: 40 | S7: 15 | T7: =IF(OR(R7="ND",R7=""),S7,R7) -> 40 | V7: 179 | W7: =IF(OR(U7="ND",U7=""),V7,U7) -> 179 | X7: 3 | Y7: 0.913 | Z7: 88113 | AA7: 927 | AB7: 999 | AC7: 0 | AD7: =IF(AC7=0,1000,IF(AC7=9999,"ND",(K7/365.25+1899)-AC7)) -> 1000 | AE7: 1 | AF7: 45 | AG7: 3 | AH7: Sand | AI7: 6.1 | AJ7: 530 | AK7: 265 | AL7: 63 | AM7: 175 | AN7: 33.53 | AO7: 8.3 | AP7: 5
A8: 6 | B8: core | C8: Afromontane Forest | D8: 12 | E8: 121 | F8: N | G8: IP | H8: NN | I8: NN | J8: NN | K8: 35612 | L8: G. Siebritz | M8: 356754 | N8: 6176549 | O8: ND | P8: ND | Q8: 295 | R8: 20 | S8: 35 | T8: =IF(OR(R8="ND",R8=""),S8,R8) -> 20 | V8: 227 | W8: =IF(OR(U8="ND",U8=""),V8,U8) -> 227 | X8: 0 | Y8: 0.669 | Z8: 67548 | AA8: 480 | AB8: 999 | AC8: 0 | AD8: =IF(AC8=0,1000,IF(AC8=9999,"ND",(K8/365.25+1899)-AC8)) -> 1000 | AE8: 1 | AF8: 35 | AG8: 20 | AH8: Sand | AI8: 7.1 | AJ8: 260 | AK8: 99 | AL8: 128 | AM8: 116 | AN8: 40.07 | AO8: 4.01 | AP8: 6
A9: 7 | B9: core | C9: Afromontane Forest | D9: 8 | E9: 108.5 | F9: N | G9: IP | H9: NN | I9: NN | J9: NN | K9: 35613 | L9: G. Siebritz | M9: 356783 | N9: 6176517 | O9: ND | P9: ND | Q9: 285 | R9: 40 | S9: 40 | T9: =IF(OR(R9="ND",R9=""),S9,R9) -> 40 | V9: 190 | W9: =IF(OR(U9="ND",U9=""),V9,U9) -> 190 | X9: 0 | Y9: 0.076 | Z9: 48215 | AA9: 311 | AB9: 999 | AC9: 0 | AD9: =IF(AC9=0,1000,IF(AC9=9999,"ND",(K9/365.25+1899)-AC9)) -> 1000 | AE9: 1 | AF9: 35 | AG9: 5 | AH9: Sand | AI9: 7.1 | AJ9: 290 | AK9: 206 | AL9: 217 | AM9: 364 | AN9: 52.2 | AO9: 8.13 | AP9: 7
A10: 8 | B10: core | C10: Afromontane Forest | D10: 14 | E10: 126 | F10: N | G10: IP | H10: NN | I10: NN | J10: NN | K10: 35613 | L10: G. Siebritz | M10: 356829 | N10: 6176537 | O10: ND | P10: ND | Q10: 306 | R10: 45 | S10: 41 | T10: =IF(OR(R10="ND",R10=""),S10,R10) -> 45 | V10: 200 | W10: =IF(OR(U10="ND",U10=""),V10,U10) -> 200 | X10: 0 | Y10: 0.635 | Z10: 49015 | AA10: 539 | AB10: 999 | AC10: 0 | AD10: =IF(AC10=0,1000,IF(AC10=9999,"ND",(K10/365.25+1899)-AC10)) -> 1000 | AE10: 1 | AF10: 35 | AG10: 15 | AH10: Sand | AI10: 6 | AJ10: 320 | AK10: 296 | AL10: 139 | AM10: 311 | AN10: 39.8 | AO10: 7.79 | AP10: 8
A11: 9 | B11: core | C11: Dune Asteraceous Fynbos | D11: 34 | E11: 194.5 | F11: N | G11: IP | H11: NN | I11: NN | J11: NN | K11: 35614 | L11: G. Siebritz | M11: 354471 | N11: 6176855 | O11: ND | P11: ND | Q11: 238 | R11: 2 | S11: 5 | T11: =IF(OR(R11="ND",R11=""),S11,R11) -> 2 | V11: 285 | W11: =IF(OR(U11="ND",U11=""),V11,U11) -> 285 | X11: 3 | Y11: 1.213 | Z11: 107814 | AA11: 917 | AB11: ND | AC11: 1988 | AD11: =IF(AC11=0,1000,IF(AC11=9999,"ND",(K11/365.25+1899)-AC11)) -> 8.5058179 | AE11: 3 | AF11: 100 | AG11: 0 | AH11: Sand | AI11: 7.9 | AJ11: 2100 | AK11: 110 | AL11: 35 | AM11: 21 | AN11: 26.45 | AO11: 2.1 | AP11: 9
A12: 10 | B12: core | C12: Dune Asteraceous Fynbos | D12: 31 | E12: 140 | F12: N | G12: IP | H12: NN | I12: NN | J12: NN | K12: 35618 | L12: G. Siebritz | M12: 354193 | N12: 6176715 | O12: ND | P12: 130 | Q12: 201 | R12: 2 | S12: 5 | T12: =IF(OR(R12="ND",R12=""),S12,R12) -> 2 | V12: 226 | W12: =IF(OR(U12="ND",U12=""),V12,U12) -> 226 | X12: 3 | Y12: 1.439 | Z12: 102326 | AA12: 1380 | AB12: ND | AC12: 1988 | AD12: =IF(AC12=0,1000,IF(AC12=9999,"ND",(K12/365.25+1899)-AC12)) -> 8.5167693 | AE12: 6 | AF12: 100 | AG12: 0 | AH12: Sand | AI12: 8 | AJ12: 2460 | AK12: 104 | AL12: 36 | AM12: 11 | AN12: 29.61 | AO12: 2.45 | AP12: 10
A13: 11 | B13: core | C13: Dune Asteraceous Fynbos | D13: 27 | E13: 110 | F13: N | G13: IP | H13: NN | I13: NN | J13: NN | K13: 35619 | L13: G. Siebritz | M13: 354397 | N13: 6177243 | O13: ND | P13: 130 | Q13: 223 | R13: 2 | S13: 5 | T13: =IF(OR(R13="ND",R13=""),S13,R13) -> 2 | V13: 305 | W13: =IF(OR(U13="ND",U13=""),V13,U13) -> 305 | X13: 3 | Y13: 1.152 | Z13: 109535 | AA13: 1202 | AB13: ND | AC13: 1988 | AD13: =IF(AC13=0,1000,IF(AC13=9999,"ND",(K13/365.25+1899)-AC13)) -> 8.5195072 | AE13: 6 | AF13: 100 | AG13: 0 | AH13: Sand | AI13: 8.1 | AJ13: 2500 | AK13: 76 | AL13: 23 | AM13: 15 | AN13: 26.88 | AO13: 1.8 | AP13: 11
A14: 12 | B14: core | C14: Dune Asteraceous Fynbos | D14: 22 | E14: 156 | F14: N | G14: IP | H14: NN | I14: NN | J14: NN | K14: 35621 | L14: G. Siebritz | M14: 354444 | N14: 6177191 | O14: ND | P14: 150 | Q14: 228 | R14: 2 | S14: 4 | T14: =IF(OR(R14="ND",R14=""),S14,R14) -> 2 | V14: 311 | W14: =IF(OR(U14="ND",U14=""),V14,U14) -> 311 | X14: 3 | Y14: 0.818 | Z14: 109381 | AA14: 1214 | AB14: ND | AC14: 1988 | AD14: =IF(AC14=0,1000,IF(AC14=9999,"ND",(K14/365.25+1899)-AC14)) -> 8.5249829 | AE14: 6 | AF14: 100 | AG14: 0 | AH14: Sand | AI14: 8 | AJ14: 2160 | AK14: 81 | AL14: 30 | AM14: 16 | AN14: 25.6 | AO14: 1.78 | AP14: 12
A15: 13 | B15: core | C15: Dune Asteraceous Fynbos | D15: 39 | E15: 111 | F15: N | G15: IP | H15: NN | I15: NN | J15: NN | K15: 35625 | L15: G. Siebritz | M15: 354534 | N15: 6176788 | O15: ND | P15: ND | Q15: 251 | R15: 20 | S15: 16 | T15: =IF(OR(R15="ND",R15=""),S15,R15) -> 20 | V15: 310 | W15: =IF(OR(U15="ND",U15=""),V15,U15) -> 310 | X15: 4 | Y15: 0.705 | Z15: 113193 | AA15: 658 | AB15: ND | AC15: 1988 | AD15: =IF(AC15=0,1000,IF(AC15=9999,"ND",(K15/365.25+1899)-AC15)) -> 8.5359343 | AE15: 2 | AF15: 0 | AG15: 25 | AH15: Sand | AI15: 8 | AJ15: 1570 | AK15: 69 | AL15: 19 | AM15: 23 | AN15: 24.87 | AO15: 1.8 | AP15: 13
A16: 14 | B16: core | C16: Neutral Sand Proteoid Fynbos | D16: 36 | E16: 112 | F16: N | G16: IP | H16: NN | I16: NN | J16: NN | K16: 35632 | L16: G. Siebritz | M16: 354448 | N16: 6176758 | O16: ND | P16: ND | Q16: 240 | R16: 2 | S16: 11 | T16: =IF(OR(R16="ND",R16=""),S16,R16) -> 2 | V16: 271 | W16: =IF(OR(U16="ND",U16=""),V16,U16) -> 271 | X16: 4 | Y16: 0.261 | Z16: 105498 | AA16: 1062 | AB16: 10 | AC16: 1988 | AD16: =IF(AC16=0,1000,IF(AC16=9999,"ND",(K16/365.25+1899)-AC16)) -> 8.5550992 | AE16: 1 | AF16: 0 | AG16: 20 | AH16: Sand | AI16: 7.7 | AJ16: 1240 | AK16: 134 | AL16: 55 | AM16: 55 | AN16: 46.26 | AO16: 2.64 | AP16: 14
A17: 15 | B17: core | C17: Dune Asteraceous Fynbos (disturbed) | D17: 18 | E17: 130 | F17: N | G17: IP | H17: NN | I17: NN | J17: NN | K17: 35632 | L17: G. Siebritz | M17: 355364 | N17: 6176396 | O17: ND | P17: 150 | Q17: 241 | R17: 8 | S17: 4 | T17: =IF(OR(R17="ND",R17=""),S17,R17) -> 8 | V17: 114 | W17: =IF(OR(U17="ND",U17=""),V17,U17) -> 114 | X17: 2 | Y17: 0.005 | Z17: 103375 | AA17: 639 | AB17: ND | AC17: 1990 | AD17: =IF(AC17=0,1000,IF(AC17=9999,"ND",(K17/365.25+1899)-AC17)) -> 6.5550992 | AE17: 3 | AF17: 100 | AG17: 0 | AH17: Sand | AI17: 8 | AJ17: 2340 | AK17: 116 | AL17: 44 | AM17: 16 | AN17: 56 | AO17: 1.51 | AP17: 15
A18: 16 | B18: core | C18: Dune Asteraceous Fynbos | D18: 33 | E18: 112.5 | F18: N | G18: IP | H18: NN | I18: NN | J18: NN | K18: 35633 | L18: G. Siebritz | M18: 355321 | N18: 6176331 | O18: ND | P18: ND | Q18: 246 | R18: 30 | S18: 14 | T18: =IF(OR(R18="ND",R18=""),S18,R18) -> 30 | V18: 318 | W18: =IF(OR(U18="ND",U18=""),V18,U18) -> 318 | X18: 6 | Y18: 0.552 | Z18: 113614 | AA18: 722 | AB18: 2 | AC18: 1990 | AD18: =IF(AC18=0,1000,IF(AC18=9999,"ND",(K18/365.25+1899)-AC18)) -> 6.5578371 | AE18: 2 | AF18: 12 | AG18: 40 | AH18: Sand | AI18: 8 | AJ18: 1320 | AK18: 46 | AL18: 22 | AM18: 26 | AN18: 29.3 | AO18: 2.09 | AP18: 16
A19: 17 | B19: core | C19: Dune Asteraceous Fynbos | D19: 26 | E19: 115.5 | F19: N | G19: IP | H19: NN | I19: NN | J19: NN | K19: 35633 | L19: G. Siebritz | M19: 355065 | N19: 6177630 | O19: ND | P19: ND | Q19: 238 | R19: 2 | S19: 6 | T19: =IF(OR(R19="ND",R19=""),S19,R19) -> 2 | V19: 312 | W19: =IF(OR(U19="ND",U19=""),V19,U19) -> 312 | X19: 3 | Y19: 1.396 | Z19: 110763 | AA19: 1044 | AB19: 8 | AC19: 1988 | AD19: =IF(AC19=0,1000,IF(AC19=9999,"ND",(K19/365.25+1899)-AC19)) -> 8.5578371 | AE19: 6 | AF19: 100 | AG19: 0 | AH19: Sand | AI19: 8 | AJ19: 2470 | AK19: 90 | AL19: 34 | AM19: 13 | AN19: 25.56 | AO19: 1.72 | AP19: 17
A20: 18 | B20: core | C20: Dune Asteraceous Fynbos | D20: 29 | E20: 126.5 | F20: N | G20: IP | H20: NN | I20: NN | J20: NN | K20: 35634 | L20: G. Siebritz | M20: 354834 | N20: 6177804 | O20: ND | P20: ND | Q20: 217 | R20: 2 | S20: 7 | T20: =IF(OR(R20="ND",R20=""),S20,R20) -> 2 | V20: 301 | W20: =IF(OR(U20="ND",U20=""),V20,U20) -> 301 | X20: 3 | Y20: 0.47 | Z20: 109655 | AA20: 1057 | AB20: 8 | AC20: 1988 | AD20: =IF(AC20=0,1000,IF(AC20=9999,"ND",(K20/365.25+1899)-AC20)) -> 8.5605749 | AE20: 4 | AF20: 100 | AG20: 0 | AH20: Sand | AI20: 8 | AJ20: 2460 | AK20: 86 | AL20: 32 | AM20: 19 | AN20: 24.82 | AO20: 2.01 | AP20: 18
A21: 19 | B21: core | C21: Thamnochortus fraternus Restioid Fynbos | D21: 18 | E21: 130 | F21: N | G21: IP | H21: NN | I21: NN | J21: NN | K21: 35636 | L21: G. Siebritz | M21: 355316 | N21: 6177042 | O21: ND | P21: ND | Q21: 340 | R21: 20 | S21: 15 | T21: =IF(OR(R21="ND",R21=""),S21,R21) -> 20 | V21: 296 | W21: =IF(OR(U21="ND",U21=""),V21,U21) -> 296 | X21: 4 | Y21: 0.208 | Z21: 111270 | AA21: 913 | AB21: 8 | AC21: 1990 | AD21: =IF(AC21=0,1000,IF(AC21=9999,"ND",(K21/365.25+1899)-AC21)) -> 6.5660507 | AE21: 1 | AF21: 0 | AG21: 20 | AH21: Sand | AI21: 7.7 | AJ21: 730 | AK21: 130 | AL21: 33 | AM21: 71 | AN21: 33.07 | AO21: 2.63 | AP21: 19
A22: 20 | B22: core | C22: Thamnochortus fraternus Restioid Fynbos | D22: 22 | E22: 114 | F22: N | G22: IP | H22: NN | I22: NN | J22: NN | K22: 35636 | L22: G. Siebritz | M22: 355328 | N22: 6177096 | O22: ND | P22: ND | Q22: 329 | R22: 8 | S22: 19 | T22: =IF(OR(R22="ND",R22=""),S22,R22) -> 8 | V22: 340 | W22: =IF(OR(U22="ND",U22=""),V22,U22) -> 340 | X22: 4 | Y22: 0.637 | Z22: 119625 | AA22: 645 | AB22: ND | AC22: 1990 | AD22: =IF(AC22=0,1000,IF(AC22=9999,"ND",(K22/365.25+1899)-AC22)) -> 6.5660507 | AE22: 2 | AF22: 5 | AG22: 15 | AH22: Sand | AI22: 7.8 | AJ22: 1420 | AK22: 93 | AL22: 19 | AM22: 70 | AN22: 53.2 | AO22: 2.2 | AP22: 20
A23: 21 | B23: core | C23: Thamnochortus fraternus Restioid Fynbos | D23: 25 | E23: 118 | F23: N | G23: IP | H23: NN | I23: NN | J23: NN | K23: 35639 | L23: G. Siebritz | M23: 356254 | N23: 6177547 | O23: ND | P23: ND | Q23: 309 | R23: 5 | S23: 16 | T23: =IF(OR(R23="ND",R23=""),S23,R23) -> 5 | V23: 323 | W23: =IF(OR(U23="ND",U23=""),V23,U23) -> 323 | X23: 6 | Y23: 0.334 | Z23: 115284 | AA23: 589 | AB23: ND | AC23: 1988 | AD23: =IF(AC23=0,1000,IF(AC23=9999,"ND",(K23/365.25+1899)-AC23)) -> 8.5742642 | AE23: 2 | AF23: 0 | AG23: 20 | AH23: Sand | AI23: 7.6 | AJ23: 350 | AK23: 211 | AL23: 74 | AM23: 132 | AN23: 43.57 | AO23: 3.25 | AP23: 21
A24: 22 | B24: core | C24: Thamnochortus fraternus Restioid Fynbos | D24: 15 | E24: 87.5 | F24: N | G24: IP | H24: NN | I24: NN | J24: NN | K24: 35640 | L24: G. Siebritz | M24: 356252 | N24: 6177454 | O24: ND | P24: ND | Q24: 342 | R24: 40 | S24: 21 | T24: =IF(OR(R24="ND",R24=""),S24,R24) -> 40 | V24: 103 | W24: =IF(OR(U24="ND",U24=""),V24,U24) -> 103 | X24: 6 | Y24: 0.464 | Z24: 121175 | AA24: 803 | AB24: ND | AC24: 1990 | AD24: =IF(AC24=0,1000,IF(AC24=9999,"ND",(K24/365.25+1899)-AC24)) -> 6.5770021 | AE24: 1 | AF24: 0 | AG24: 15 | AH24: Sand | AI24: 6.1 | AJ24: 1970 | AK24: 36 | AL24: 13 | AM24: 57 | AN24: 15.18 | AO24: 1.84 | AP24: 22
A25: 23 | B25: core | C25: Thamnochortus fraternus Restioid Fynbos | D25: 19 | E25: 114.5 | F25: N | G25: IP | H25: NN | I25: NN | J25: NN | K25: 35641 | L25: G. Siebritz | M25: 356480 | N25: 6177510 | O25: ND | P25: ND | Q25: 304 | R25: 15 | S25: 12 | T25: =IF(OR(R25="ND",R25=""),S25,R25) -> 15 | V25: 305 | W25: =IF(OR(U25="ND",U25=""),V25,U25) -> 305 | X25: 6 | Y25: 0.02 | Z25: 110807 | AA25: 702 | AB25: 10 | AC25: 1990 | AD25: =IF(AC25=0,1000,IF(AC25=9999,"ND",(K25/365.25+1899)-AC25)) -> 6.5797399 | AE25: 1 | AF25: 0 | AG25: 10 | AH25: Sand | AI25: 6 | AJ25: 1800 | AK25: 87 | AL25: 13 | AM25: 61 | AN25: 11.56 | AO25: 1.66 | AP25: 23
A26: 24 | B26: core | C26: Thamnochortus fraternus Restioid Fynbos | D26: 17 | E26: 102.5 | F26: N | G26: IP | H26: NN | I26: NN | J26: NN | K26: 35641 | L26: G. Siebritz | M26: 356020 | N26: 6177445 | O26: ND | P26: ND | Q26: 340 | R26: 20 | S26: 20 | T26: =IF(OR(R26="ND",R26=""),S26,R26) -> 20 | V26: 30 | W26: =IF(OR(U26="ND",U26=""),V26,U26) -> 30 | X26: 6 | Y26: 0.652 | Z26: 120932 | AA26: 720 | AB26: 8 | AC26: 1990 | AD26: =IF(AC26=0,1000,IF(AC26=9999,"ND",(K26/365.25+1899)-AC26)) -> 6.5797399 | AE26: 1 | AF26: 0 | AG26: 10 | AH26: Sand | AI26: 7.7 | AJ26: 1640 | AK26: 76 | AL26: 22 | AM26: 45 | AN26: 35.51 | AO26: 1.83 | AP26: 24
A27: 25 | B27: core | C27: Dune Asteraceous Fynbos | D27: 40 | E27: 121.5 | F27: N | G27: IP | H27: NN | I27: NN | J27: NN | K27: 35642 | L27: G. Siebritz | M27: 355877 | N27: 6177171 | O27: ND | P27: ND | Q27: 363 | R27: 25 | S27: 18 | T27: =IF(OR(R27="ND",R27=""),S27,R27) -> 25 | V27: 290 | W27: =IF(OR(U27="ND",U27=""),V27,U27) -> 290 | X27: 6 | Y27: 0.336 | Z27: 109447 | AA27: 636 | AB27: 10 | AC27: 1990 | AD27: =IF(AC27=0,1000,IF(AC27=9999,"ND",(K27/365.25+1899)-AC27)) -> 6.5824778 | AE27: 1 | AF27: 0 | AG27: 25 | AH27: Sand | AI27: 7.5 | AJ27: 480 | AK27: 198 | AL27: 130 | AM27: 126 | AN27: 85.85 | AO27: 4.25 | AP27: 25
A28: 26 | B28: core | C28: Neutral Sand Proteoid Fynbos | D28: 20 | E28: 108 | F28: N | G28: IP | H28: NN | I28: NN | J28: NN | K28: 35647 | L28: G. Siebritz | M28: 356209 | N28: 6177045 | O28: ND | P28: ND | Q28: 408 | R28: 2 | S28: 1 | T28: =IF(OR(R28="ND",R28=""),S28,R28) -> 2 | V28: 313 | W28: =IF(OR(U28="ND",U28=""),V28,U28) -> 313 | X28: 6 | Y28: 0.012 | Z28: 111321 | AA28: 1686 | AB28: 8 | AC28: 1990 | AD28: =IF(AC28=0,1000,IF(AC28=9999,"ND",(K28/365.25+1899)-AC28)) -> 6.596167 | AE28: 3 | AF28: 100 | AG28: 0 | AH28: Sand | AI28: 5.8 | AJ28: 3040 | AK28: 6 | AL28: 6 | AM28: 8 | AN28: 6.36 | AO28: 0.61 | AP28: 26
A29: 27 | B29: core | C29: Neutral Sand Proteoid Fynbos | D29: 19 | E29: 109 | F29: N | G29: IP | H29: NN | I29: NN | J29: NN | K29: 35647 | L29: G. Siebritz | M29: 356975 | N29: 6176974 | O29: ND | P29: ND | Q29: 362 | R29: 16 | S29: 12 | T29: =IF(OR(R29="ND",R29=""),S29,R29) -> 16 | V29: 25 | W29: =IF(OR(U29="ND",U29=""),V29,U29) -> 25 | X29: 4 | Y29: 0.546 | Z29: 114271 | AA29: 745 | AB29: ND | AC29: 1990 | AD29: =IF(AC29=0,1000,IF(AC29=9999,"ND",(K29/365.25+1899)-AC29)) -> 6.596167 | AE29: 1 | AF29: 10 | AG29: 10 | AH29: Sand | AI29: 4.8 | AJ29: 4450 | AK29: 28 | AL29: 6 | AM29: 37 | AN29: 2.87 | AO29: 0.5 | AP29: 27
A30: 28 | B30: core | C30: Neutral Sand Proteoid Fynbos | D30: 34 | E30: 115 | F30: N | G30: IP | H30: NN | I30: NN | J30: NN | K30: 35649 | L30: G. Siebritz | M30: 357253 | N30: 6177132 | O30: ND | P30: ND | Q30: 347 | R30: 0 | S30: 8 | T30: =IF(OR(R30="ND",R30=""),S30,R30) -> 0 | V30: 243 | W30: =IF(OR(U30="ND",U30=""),V30,U30) -> 243 | X30: 3 | Y30: 0.829 | Z30: 102683 | AA30: 1084 | AB30: 8 | AC30: 1992 | AD30: =IF(AC30=0,1000,IF(AC30=9999,"ND",(K30/365.25+1899)-AC30)) -> 4.6016427 | AE30: 3 | AF30: 100 | AG30: 0 | AH30: Sand | AI30: 7.8 | AJ30: 3200 | AK30: 108 | AL30: 47 | AM30: 18 | AN30: 64.65 | AO30: 1.02 | AP30: 28
A31: 29 | B31: core | C31: Acid Sand Proteoid Fynbos | D31: 20 | E31: 110 | F31: N | G31: IP | H31: NN | I31: NN | J31: NN | K31: 35649 | L31: G. Siebritz | M31: 357367 | N31: 6176606 | O31: ND | P31: ND | Q31: 380 | R31: 2 | S31: 5 | T31: =IF(OR(R31="ND",R31=""),S31,R31) -> 2 | V31: 205 | W31: =IF(OR(U31="ND",U31=""),V31,U31) -> 205 | X31: 6 | Y31: 0.033 | Z31: 104433 | AA31: 1316 | AB31: ND | AC31: 1990 | AD31: =IF(AC31=0,1000,IF(AC31=9999,"ND",(K31/365.25+1899)-AC31)) -> 6.6016427 | AE31: 1 | AF31: 10 | AG31: 15 | AH31: Sand | AI31: 5.2 | AJ31: 2630 | AK31: 36 | AL31: 5 | AM31: 32 | AN31: 6.05 | AO31: 0.91 | AP31: 29
A32: 30 | B32: core | C32: Acid Sand Proteoid Fynbos | D32: 18 | E32: 110 | F32: N | G32: IP | H32: NN | I32: NN | J32: NN | K32: 35651 | L32: G. Siebritz | M32: 357228 | N32: 6176698 | O32: ND | P32: ND | Q32: 377 | R32: 2 | S32: 5 | T32: =IF(OR(R32="ND",R32=""),S32,R32) -> 2 | V32: 228 | W32: =IF(OR(U32="ND",U32=""),V32,U32) -> 228 | X32: 0 | Y32: 0.252 | Z32: 104829 | AA32: 1279 | AB32: 8 | AC32: 1990 | AD32: =IF(AC32=0,1000,IF(AC32=9999,"ND",(K32/365.25+1899)-AC32)) -> 6.6071184 | AE32: 3 | AF32: 100 | AG32: 0 | AH32: Sand | AI32: 5.3 | AJ32: 2500 | AK32: 6 | AL32: 6 | AM32: 10 | AN32: 4.25 | AO32: 0.91 | AP32: 30
A33: 31 | B33: core | C33: Transitional Proteoid Fynbos | D33: 25 | E33: 124.5 | F33: N | G33: IP | H33: NN | I33: NN | J33: NN | K33: 35653 | L33: G. Siebritz | M33: 357234 | N33: 6176523 | O33: ND | P33: ND | Q33: 364 | R33: 5 | S33: 8 | T33: =IF(OR(R33="ND",R33=""),S33,R33) -> 5 | V33: 203 | W33: =IF(OR(U33="ND",U33=""),V33,U33) -> 203 | X33: 0 | Y33: 1.204 | Z33: 100485 | AA33: 1151 | AB33: 9 | AC33: 1990 | AD33: =IF(AC33=0,1000,IF(AC33=9999,"ND",(K33/365.25+1899)-AC33)) -> 6.6125941 | AE33: 7 | AF33: 15 | AG33: 20 | AH33: Sand | AI33: 5.3 | AJ33: 3100 | AK33: 16 | AL33: 4 | AM33: 27 | AN33: 3.47 | AO33: 0.79 | AP33: 31
A34: 32 | B34: core | C34: True Wetland | D34: 9 | E34: 94.5 | F34: N | G34: IP | H34: NN | I34: NN | J34: NN | K34: 35653 | L34: G. Siebritz | M34: 357063 | N34: 6176436 | O34: ND | P34: ND | Q34: 345 | R34: 0 | S34: 3 | T34: =IF(OR(R34="ND",R34=""),S34,R34) -> 0 | V34: 309 | W34: =IF(OR(U34="ND",U34=""),V34,U34) -> 309 | X34: 3 | Y34: 1.28 | Z34: 109749 | AA34: 1011 | AB34: ND | AC34: 1990 | AD34: =IF(AC34=0,1000,IF(AC34=9999,"ND",(K34/365.25+1899)-AC34)) -> 6.6125941 | AE34: 8 | AF34: 100 | AG34: 0 | AH34: Sand | AI34: 6.3 | AJ34: 1120 | AK34: 20 | AL34: 52 | AM34: 36 | AN34: 20.79 | AO34: 1.87 | AP34: 32
A35: 33 | B35: core | C35: Acid Sand Proteoid Fynbos | D35: 38 | E35: 139.5 | F35: N | G35: IP | H35: NN | I35: NN | J35: NN | K35: 35654 | L35: G. Siebritz | M35: 357694 | N35: 6176143 | O35: ND | P35: ND | Q35: 418 | R35: 22 | S35: 21 | T35: =IF(OR(R35="ND",R35=""),S35,R35) -> 22 | V35: 57 | W35: =IF(OR(U35="ND",U35=""),V35,U35) -> 57 | X35: 6 | Y35: 0.65 | Z35: 121627 | AA35: 557 | AB35: ND | AC35: 1990 | AD35: =IF(AC35=0,1000,IF(AC35=9999,"ND",(K35/365.25+1899)-AC35)) -> 6.615332 | AE35: 1 | AF35: 10 | AG35: 20 | AH35: Sand | AI35: 5.5 | AJ35: 1200 | AK35: 71 | AL35: 12 | AM35: 101 | AN35: 11.79 | AO35: 3.19 | AP35: 33
A36: 34 | B36: core | C36: Acid Sand Fynbos (post-fire regenerating) | D36: 44 | E36: 130.5 | F36: N | G36: IP | H36: NN | I36: NN | J36: NN | K36: 35655 | L36: G. Siebritz | M36: 357409 | N36: 6176060 | O36: ND | P36: ND | Q36: 375 | R36: 22 | S36: 26 | T36: =IF(OR(R36="ND",R36=""),S36,R36) -> 22 | V36: 198 | W36: =IF(OR(U36="ND",U36=""),V36,U36) -> 198 | X36: 0 | Y36: 0.231 | Z36: 74376 | AA36: 937 | AB36: ND | AC36: 1990 | AD36: =IF(AC36=0,1000,IF(AC36=9999,"ND",(K36/365.25+1899)-AC36)) -> 6.6180698 | AE36: 1 | AF36: 12 | AG36: 15 | AH36: Sand | AI36: 5.5 | AJ36: 3200 | AK36: 29 | AL36: 6 | AM36: 52 | AN36: 8.52 | AO36: 1.49 | AP36: 34
A37: 35 | B37: core | C37: Dune Asteraceous Fynbos | D37: 21 | E37: 94.5 | F37: N | G37: IP | H37: NN | I37: NN | J37: NN | K37: 35656 | L37: G. Siebritz | M37: 356622 | N37: 6176374 | O37: ND | P37: ND | Q37: 295 | R37: 30 | S37: 29 | T37: =IF(OR(R37="ND",R37=""),S37,R37) -> 30 | V37: 327 | W37: =IF(OR(U37="ND",U37=""),V37,U37) -> 327 | X37: 4 | Y37: 0.861 | Z37: 115678 | AA37: 285 | AB37: 9 | AC37: 1990 | AD37: =IF(AC37=0,1000,IF(AC37=9999,"ND",(K37/365.25+1899)-AC37)) -> 6.6208077 | AE37: 1 | AF37: 100 | AG37: 25 | AH37: Sand | AI37: 5.9 | AJ37: 1590 | AK37: 46 | AL37: 8 | AM37: 69 | AN37: 9.48 | AO37: 1.56 | AP37: 35
A38: 36 | B38: core | C38: Neutral Sand Proteoid Fynbos | D38: 33 | E38: 122 | F38: N | G38: IP | H38: NN | I38: NN | J38: NN | K38: 35657 | L38: G. Siebritz | M38: 355872 | N38: 6176770 | O38: ND | P38: ND | Q38: 318 | R38: 20 | S38: 13 | T38: =IF(OR(R38="ND",R38=""),S38,R38) -> 20 | V38: 166 | W38: =IF(OR(U38="ND",U38=""),V38,U38) -> 166 | X38: 0 | Y38: 0.612 | Z38: 90981 | AA38: 1292 | AB38: 10 | AC38: 1988 | AD38: =IF(AC38=0,1000,IF(AC38=9999,"ND",(K38/365.25+1899)-AC38)) -> 8.6235455 | AE38: 1 | AF38: 100 | AG38: 0 | AH38: Sand | AI38: 7.8 | AJ38: 1660 | AK38: 87 | AL38: 122 | AM38: 38 | AN38: 66 | AO38: 1.14 | AP38: 36
A39: 37 | B39: core | C39: Transitional Proteoid Fynbos | D39: 40 | E39: 170 | F39: N | G39: IP | H39: NN | I39: NN | J39: NN | K39: 35657 | L39: G. Siebritz | M39: 357598 | N39: 6177427 | O39: ND | P39: ND | Q39: 416 | R39: 12 | S39: 18 | T39: =IF(OR(R39="ND",R39=""),S39,R39) -> 12 | V39: 353 | W39: =IF(OR(U39="ND",U39=""),V39,U39) -> 353 | X39: 6 | Y39: 0.983 | Z39: 121595 | AA39: 787 | AB39: ND | AC39: 1992 | AD39: =IF(AC39=0,1000,IF(AC39=9999,"ND",(K39/365.25+1899)-AC39)) -> 4.6235455 | AE39: 1 | AF39: 100 | AG39: 5 | AH39: Sand | AI39: 6 | AJ39: 1350 | AK39: 20 | AL39: 5 | AM39: 23 | AN39: 8.71 | AO39: 1.19 | AP39: 37
A40: 38 | B40: core | C40: Neutral Sand Proteoid Fynbos | D40: 17 | E40: 103.5 | F40: N | G40: IP | H40: NN | I40: NN | J40: NN | K40: 35660 | L40: G. Siebritz | M40: 357196 | N40: 6177784 | O40: ND | P40: ND | Q40: 358 | R40: 5 | S40: 12 | T40: =IF(OR(R40="ND",R40=""),S40,R40) -> 5 | V40: 348 | W40: =IF(OR(U40="ND",U40=""),V40,U40) -> 348 | X40: 6 | Y40: 0.488 | Z40: 118142 | AA40: 968 | AB40: ND | AC40: 1992 | AD40: =IF(AC40=0,1000,IF(AC40=9999,"ND",(K40/365.25+1899)-AC40)) -> 4.6317591 | AE40: 1 | AF40: 0 | AG40: 10 | AH40: Sand | AI40: 5.1 | AJ40: 1520 | AK40: 60 | AL40: 7 | AM40: 37 | AN40: 5.79 | AO40: 0.8 | AP40: 38
A41: 39 | B41: core | C41: Protea repens Proteoid Fynbos | D41: 19 | E41: 100.5 | F41: N | G41: IP | H41: NN | I41: NN | J41: NN | K41: 35661 | L41: G. Siebritz | M41: 357309 | N41: 6177911 | O41: ND | P41: ND | Q41: 319 | R41: 2 | S41: 8 | T41: =IF(OR(R41="ND",R41=""),S41,R41) -> 2 | V41: 14 | W41: =IF(OR(U41="ND",U41=""),V41,U41) -> 14 | X41: 6 | Y41: 0.54 | Z41: 114243 | AA41: 905 | AB41: ND | AC41: 1992 | AD41: =IF(AC41=0,1000,IF(AC41=9999,"ND",(K41/365.25+1899)-AC41)) -> 4.6344969 | AE41: 3 | AF41: 100 | AG41: 0 | AH41: Sand | AI41: 6.1 | AJ41: 4350 | AK41: 10 | AL41: 48 | AM41: 32 | AN41: 5.64 | AO41: 0.65 | AP41: 39
A42: 40 | B42: core | C42: Dune Asteraceous Fynbos | D42: 22 | E42: 94 | F42: N | G42: IP | H42: NN | I42: NN | J42: NN | K42: 35662 | L42: G. Siebritz | M42: 357798 | N42: 6177610 | O42: ND | P42: ND | Q42: 348 | R42: 2 | S42: 8 | T42: =IF(OR(R42="ND",R42=""),S42,R42) -> 2 | V42: 33 | W42: =IF(OR(U42="ND",U42=""),V42,U42) -> 33 | X42: 6 | Y42: 0.761 | Z42: 112760 | AA42: 1012 | AB42: ND | AC42: 1996 | AD42: =IF(AC42=0,1000,IF(AC42=9999,"ND",(K42/365.25+1899)-AC42)) -> 0.63723477 | AE42: 3 | AF42: 100 | AG42: 0 | AH42: Sand | AI42: 5.9 | AJ42: 3430 | AK42: 11 | AL42: 9 | AM42: 21 | AN42: 4.07 | AO42: 0.71 | AP42: 40
A43: 41 | B43: core | C43: Dune Asteraceous Fynbos | D43: 24 | E43: 102.5 | F43: N | G43: IP | H43: NN | I43: NN | J43: NN | K43: 35662 | L43: G. Siebritz | M43: 358341 | N43: 6177517 | O43: ND | P43: ND | Q43: 368 | R43: 2 | S43: 12 | T43: =IF(OR(R43="ND",R43=""),S43,R43) -> 2 | V43: 312 | W43: =IF(OR(U43="ND",U43=""),V43,U43) -> 312 | X43: 4 | Y43: 1.114 | Z43: 113012 | AA43: 627 | AB43: ND | AC43: 1996 | AD43: =IF(AC43=0,1000,IF(AC43=9999,"ND",(K43/365.25+1899)-AC43)) -> 0.63723477 | AE43: 1 | AF43: 100 | AG43: 0 | AH43: Sand | AI43: 5.9 | AJ43: 2620 | AK43: 12 | AL43: 12 | AM43: 30 | AN43: 7.95 | AO43: 0.86 | AP43: 41
A44: 42 | B44: core | C44: Acid Sand Fynbos (post-fire regenerating) | D44: 46 | E44: 98.5 | F44: N | G44: IP | H44: NN | I44: NN | J44: NN | K44: 35674 | L44: G. Siebritz | M44: 358662 | N44: 6177808 | O44: ND | P44: ND | Q44: 381 | R44: 10 | S44: 18 | T44: =IF(OR(R44="ND",R44=""),S44,R44) -> 10 | V44: 329 | W44: =IF(OR(U44="ND",U44=""),V44,U44) -> 329 | X44: 6 | Y44: 0.382 | Z44: 118416 | AA44: 642 | AB44: ND | AC44: 1996 | AD44: =IF(AC44=0,1000,IF(AC44=9999,"ND",(K44/365.25+1899)-AC44)) -> 0.67008898 | AE44: 1 | AF44: 5 | AG44: 20 | AH44: Sand | AI44: 5.2 | AJ44: 2440 | AK44: 56 | AL44: 10 | AM44: 77 | AN44: 11.14 | AO44: 2.54 | AP44: 42
A45: 43 | B45: core | C45: Acid Sand Fynbos (post-fire regenerating) | D45: 42 | E45: 92.5 | F45: N | G45: IP | H45: NN | I45: NN | J45: NN | K45: 35667 | L45: G. Siebritz | M45: 358534 | N45: 6177565 | O45: ND | P45: ND | Q45: 397 | R45: 15 | S45: 16 | T45: =IF(OR(R45="ND",R45=""),S45,R45) -> 15 | V45: 335 | W45: =IF(OR(U45="ND",U45=""),V45,U45) -> 335 | X45: 4 | Y45: 0.095 | Z45: 118654 | AA45: 818 | AB45: ND | AC45: 1992 | AD45: =IF(AC45=0,1000,IF(AC45=9999,"ND",(K45/365.25+1899)-AC45)) -> 4.650924 | AE45: 1 | AF45: 12 | AG45: 20 | AH45: Sand | AI45: 5.6 | AJ45: 1670 | AK45: 23 | AL45: 9 | AM45: 54 | AN45: 11.68 | AO45: 1.75 | AP45: 43
A46: 44 | B46: core | C46: Transitional Proteoid Fynbos | D46: 48 | E46: 130 | F46: N | G46: IP | H46: NN | I46: NN | J46: NN | K46: 35676 | L46: G. Siebritz | M46: 358862 | N46: 6178200 | O46: ND | P46: ND | Q46: 347 | R46: 2 | S46: 7 | T46: =IF(OR(R46="ND",R46=""),S46,R46) -> 2 | V46: 320 | W46: =IF(OR(U46="ND",U46=""),V46,U46) -> 320 | X46: 6 | Y46: 0.125 | Z46: 113227 | AA46: 885 | AB46: ND | AC46: 1996 | AD46: =IF(AC46=0,1000,IF(AC46=9999,"ND",(K46/365.25+1899)-AC46)) -> 0.67556468 | AE46: 1 | AF46: 5 | AG46: 15 | AH46: Sand | AI46: 5.6 | AJ46: 2000 | AK46: 22 | AL46: 7 | AM46: 37 | AN46: 7.61 | AO46: 1.39 | AP46: 44
A47: 45 | B47: core | C47: Milkwood Scrub Forest | D47: 13 | E47: 112.5 | F47: N | G47: IP | H47: NN | I47: NN | J47: NN | K47: 35677 | L47: G. Siebritz | M47: 359057 | N47: 6178447 | O47: ND | P47: ND | Q47: 306 | R47: 5 | S47: 11 | T47: =IF(OR(R47="ND",R47=""),S47,R47) -> 5 | V47: 6 | W47: =IF(OR(U47="ND",U47=""),V47,U47) -> 6 | X47: 6 | Y47: 0.716 | Z47: 114994 | AA47: 629 | AB47: ND | AC47: 0 | AD47: =IF(AC47=0,1000,IF(AC47=9999,"ND",(K47/365.25+1899)-AC47)) -> 1000 | AE47: 4 | AF47: 25 | AG47: 10 | AH47: Sand | AI47: 7.4 | AJ47: 890 | AK47: 88 | AL47: 230 | AM47: 140 | AN47: 68.3 | AO47: 3.36 | AP47: 45
A48: 46 | B48: core | C48: Thamnochortus fraternus Restioid Fynbos | D48: 23 | E48: 92.5 | F48: N | G48: IP | H48: NN | I48: NN | J48: NN | K48: 35677 | L48: G. Siebritz | M48: 355708 | N48: 6176283 | O48: ND | P48: ND | Q48: 300 | R48: 7 | S48: 13 | T48: =IF(OR(R48="ND",R48=""),S48,R48) -> 7 | V48: 342 | W48: =IF(OR(U48="ND",U48=""),V48,U48) -> 342 | X48: 4 | Y48: 0.224 | Z48: 117074 | AA48: 749 | AB48: ND | AC48: 1990 | AD48: =IF(AC48=0,1000,IF(AC48=9999,"ND",(K48/365.25+1899)-AC48)) -> 6.6783025 | AE48: 4 | AF48: 10 | AG48: 20 | AH48: Sand | AI48: 8 | AJ48: 2180 | AK48: 78 | AL48: 24 | AM48: 25 | AN48: 58.75 | AO48: 1.34 | AP48: 46
A49: 47 | B49: core | C49: Dune Asteraceous Fynbos | D49: 16 | E49: 103 | F49: N | G49: IP | H49: NN | I49: NN | J49: NN | K49: 35678 | L49: G. Siebritz | M49: 357165 | N49: 6178330 | O49: ND | P49: ND | Q49: 262 | R49: 5 | S49: 10 | T49: =IF(OR(R49="ND",R49=""),S49,R49) -> 5 | V49: 8 | W49: =IF(OR(U49="ND",U49=""),V49,U49) -> 8 | X49: 6 | Y49: 1.243 | Z49: 114940 | AA49: 960 | AB49: ND | AC49: 1992 | AD49: =IF(AC49=0,1000,IF(AC49=9999,"ND",(K49/365.25+1899)-AC49)) -> 4.6810404 | AE49: ND | AF49: 100 | AG49: 0 | AH49: Sand | AI49: 7.9 | AJ49: 1540 | AK49: 80 | AL49: 29 | AM49: 46 | AN49: 28.8 | AO49: 1.72 | AP49: 47
A50: 48 | B50: core | C50: Afromontane Forest | D50: 11 | E50: 88.5 | F50: N | G50: IP | H50: NN | I50: NN | J50: NN | K50: 35689 | L50: G. Siebritz | M50: 356545 | N50: 6176592 | O50: ND | P50: ND | Q50: 304 | R50: 10 | S50: 27 | T50: =IF(OR(R50="ND",R50=""),S50,R50) -> 10 | V50: 185 | W50: =IF(OR(U50="ND",U50=""),V50,U50) -> 185 | X50: 0 | Y50: 1.205 | Z50: 68928 | AA50: 856 | AB50: 999 | AC50: 0 | AD50: =IF(AC50=0,1000,IF(AC50=9999,"ND",(K50/365.25+1899)-AC50)) -> 1000 | AE50: ND | AF50: 20 | AG50: 15 | AH50: Sand | AI50: 7.4 | AJ50: 360 | AK50: 131 | AL50: 131 | AM50: 213 | AN50: 60.5 | AO50: 5.43 | AP50: 48
A51: 49 | B51: core | C51: Dune Asteraceous Fynbos | D51: 29 | E51: 80.5 | F51: N | G51: IP | H51: IP | I51: IP | J51: IP | K51: 38277 | L51: M. Mergili | M51: 356255 | N51: 6174980 | O51: 167 | P51: ND | Q51: 170 | R51: 40 | S51: 19 | T51: =IF(OR(R51="ND",R51=""),S51,R51) -> 40 | U51: 215 | V51: 118 | W51: =IF(OR(U51="ND",U51=""),V51,U51) -> 215 | X51: =IF(OR(W51<12,W51>348),6,IF(OR(W51<34,W51>326),5,IF(OR(W51<68,W51>292),4,IF(OR(W51<113,W51>247),3,IF(OR(W51<158,W51>212),2,IF(OR(W51<179,W51>191),1,0)))))) -> 2 | Y51: 0.879 | Z51: 90853 | AA51: 1055 | AB51: ND | AC51: 1994 | AD51: =IF(AC51=0,1000,IF(AC51=9999,"ND",(K51/365.25+1899)-AC51)) -> 9.7967146 | AE51: ND | AF51: 100 | AG51: 15 | AH51: Sand | AI51: 8.2 | AJ51: 2140 | AK51: 41 | AL51: 51 | AM51: 22 | AN51: 33.75 | AO51: 1.27 | AP51: 56
A52: 50 | B52: core | C52: Milkwood Scrub Forest | D52: 12 | E52: 161 | F52: N | G52: CL | H52: IP | I52: IP | J52: IP | K52: 38268 | L52: M. Mergili | M52: 354611 | N52: 6175669 | O52: 245 | P52: ND | Q52: 246 | R52: 6 | S52: 7 | T52: =IF(OR(R52="ND",R52=""),S52,R52) -> 6 | U52: 35 | V52: 344 | W52: =IF(OR(U52="ND",U52=""),V52,U52) -> 35 | X52: =IF(OR(W52<12,W52>348),6,IF(OR(W52<34,W52>326),5,IF(OR(W52<68,W52>292),4,IF(OR(W52<113,W52>247),3,IF(OR(W52<158,W52>212),2,IF(OR(W52<179,W52>191),1,0)))))) -> 4 | Y52: 0.304 | Z52: 112652 | AA52: 860 | AB52: ND | AC52: 0 | AD52: =IF(AC52=0,1000,IF(AC52=9999,"ND",(K52/365.25+1899)-AC52)) -> 1000 | AE52: ND | AF52: 100 | AG52: 0 | AH52: Sand | AI52: 7.9 | AJ52: 620 | AK52: 252 | AL52: 94 | AM52: 54 | AN52: 31.59 | AO52: 2.88 | AP52: 57
A53: 51 | B53: core | C53: Milkwood Scrub Forest | D53: 7 | E53: 141.5 | F53: NE | G53: CL | H53: IP | I53: IP | J53: IP | K53: 38268 | L53: M. Mergili | M53: 354499 | N53: 6175422 | O53: 269 | P53: ND | Q53: 269 | R53: 10 | S53: 15 | T53: =IF(OR(R53="ND",R53=""),S53,R53) -> 10 | U53: 0 | V53: 322 | W53: =IF(OR(U53="ND",U53=""),V53,U53) -> 0 | X53: =IF(OR(W53<12,W53>348),6,IF(OR(W53<34,W53>326),5,IF(OR(W53<68,W53>292),4,IF(OR(W53<113,W53>247),3,IF(OR(W53<158,W53>212),2,IF(OR(W53<179,W53>191),1,0)))))) -> 6 | Y53: 1.036 | Z53: 115273 | AA53: 686 | AB53: ND | AC53: 0 | AD53: =IF(AC53=0,1000,IF(AC53=9999,"ND",(K53/365.25+1899)-AC53)) -> 1000 | AE53: ND | AF53: 100 | AG53: 0 | AH53: Sand | AI53: 7.5 | AJ53: 1080 | AK53: 141 | AL53: 79 | AM53: 47 | AN53: 57.95 | AO53: 2.73 | AP53: 58
A54: 52 | B54: core | C54: Dune Asteraceous Fynbos | D54: 19 | E54: 158.5 | F54: N | G54: CL | H54: IP | I54: IP | J54: IP | K54: 38256 | L54: M. Mergili | M54: 354755 | N54: 6176102 | O54: 204 | P54: ND | Q54: 205 | R54: 1 | S54: 3 | T54: =IF(OR(R54="ND",R54=""),S54,R54) -> 1 | U54: 290 | V54: 348 | W54: =IF(OR(U54="ND",U54=""),V54,U54) -> 290 | X54: =IF(OR(W54<12,W54>348),6,IF(OR(W54<34,W54>326),5,IF(OR(W54<68,W54>292),4,IF(OR(W54<113,W54>247),3,IF(OR(W54<158,W54>212),2,IF(OR(W54<179,W54>191),1,0)))))) -> 3 | Y54: 0.059 | Z54: 109027 | AA54: 1052 | AB54: ND | AC54: 1994 | AD54: =IF(AC54=0,1000,IF(AC54=9999,"ND",(K54/365.25+1899)-AC54)) -> 9.7392197 | AE54: ND | AF54: 100 | AG54: 0 | AH54: Sand | AI54: 8.2 | AJ54: 2040 | AK54: 111 | AL54: 26 | AM54: 21 | AN54: 44.15 | AO54: 1.73 | AP54: 59
A55: 53 | B55: core | C55: Dune Asteraceous Fynbos | D55: 30 | E55: 163 | F55: N | G55: CL | H55: IP | I55: IP | J55: IP | K55: 38282 | L55: M. Mergili | M55: 356297 | N55: 6175012 | O55: 168 | P55: ND | Q55: 181 | R55: 34 | S55: 32 | T55: =IF(OR(R55="ND",R55=""),S55,R55) -> 34 | U55: 210 | V55: 176 | W55: =IF(OR(U55="ND",U55=""),V55,U55) -> 210 | X55: =IF(OR(W55<12,W55>348),6,IF(OR(W55<34,W55>326),5,IF(OR(W55<68,W55>292),4,IF(OR(W55<113,W55>247),3,IF(OR(W55<158,W55>212),2,IF(OR(W55<179,W55>191),1,0)))))) -> 1 | Y55: 0.861 | Z55: 60183 | AA55: 1236 | AB55: ND | AC55: 1994 | AD55: =IF(AC55=0,1000,IF(AC55=9999,"ND",(K55/365.25+1899)-AC55)) -> 9.8104038 | AE55: ND | AF55: 100 | AG55: 0 | AH55: Sand | AI55: 8.3 | AJ55: 2120 | AK55: 145 | AL55: 24 | AM55: 16 | AN55: 51.15 | AO55: 1.41 | AP55: 60
A56: 54 | B56: core | C56: Erica coccinea Ericoid Fynbos | D56: 21 | E56: 146.5 | F56: N | G56: CL | H56: IP | I56: IP | J56: IP | K56: 38282 | L56: M. Mergili | M56: 356288 | N56: 6175082 | O56: 208 | P56: ND | Q56: 209 | R56: 24 | S56: 15 | T56: =IF(OR(R56="ND",R56=""),S56,R56) -> 24 | U56: 215 | V56: 168 | W56: =IF(OR(U56="ND",U56=""),V56,U56) -> 215 | X56: =IF(OR(W56<12,W56>348),6,IF(OR(W56<34,W56>326),5,IF(OR(W56<68,W56>292),4,IF(OR(W56<113,W56>247),3,IF(OR(W56<158,W56>212),2,IF(OR(W56<179,W56>191),1,0)))))) -> 2 | Y56: 1.181 | Z56: 88467 | AA56: 1434 | AB56: ND | AC56: 1994 | AD56: =IF(AC56=0,1000,IF(AC56=9999,"ND",(K56/365.25+1899)-AC56)) -> 9.8104038 | AE56: ND | AF56: 30 | AG56: 0 | AH56: Loam | AI56: 8 | AJ56: 1080 | AK56: 57 | AL56: 11 | AM56: 38 | AN56: 29.13 | AO56: 1.32 | AP56: 61
A57: 55 | B57: core | C57: Neutral Sand Proteoid Fynbos | D57: 21 | E57: 124 | F57: N | G57: CL | H57: IP | I57: IP | J57: IP | K57: 38269 | L57: M. Mergili | M57: 355115 | N57: 6175318 | O57: 312 | P57: ND | Q57: 315 | R57: 4 | S57: 4 | T57: =IF(OR(R57="ND",R57=""),S57,R57) -> 4 | U57: 60 | V57: 34 | W57: =IF(OR(U57="ND",U57=""),V57,U57) -> 60 | X57: =IF(OR(W57<12,W57>348),6,IF(OR(W57<34,W57>326),5,IF(OR(W57<68,W57>292),4,IF(OR(W57<113,W57>247),3,IF(OR(W57<158,W57>212),2,IF(OR(W57<179,W57>191),1,0)))))) -> 4 | Y57: 0.794 | Z57: 111647 | AA57: 1519 | AB57: ND | AC57: 1994 | AD57: =IF(AC57=0,1000,IF(AC57=9999,"ND",(K57/365.25+1899)-AC57)) -> 9.7748118 | AE57: ND | AF57: 100 | AG57: 0 | AH57: Sand | AI57: 6.8 | AJ57: 3340 | AK57: 23 | AL57: 13 | AM57: 17 | AN57: 4.59 | AO57: 0.48 | AP57: 62
A58: 56 | B58: core | C58: Protea repens Proteoid Fynbos | D58: 19 | E58: 164 | F58: N | G58: CL | H58: IP | I58: IP | J58: IP | K58: 38284 | L58: M. Mergili | M58: 357749 | N58: 6177908 | O58: 323 | P58: ND | Q58: 315 | R58: 8 | S58: 7 | T58: =IF(OR(R58="ND",R58=""),S58,R58) -> 8 | U58: 215 | V58: 183 | W58: =IF(OR(U58="ND",U58=""),V58,U58) -> 215 | X58: =IF(OR(W58<12,W58>348),6,IF(OR(W58<34,W58>326),5,IF(OR(W58<68,W58>292),4,IF(OR(W58<113,W58>247),3,IF(OR(W58<158,W58>212),2,IF(OR(W58<179,W58>191),1,0)))))) -> 2 | Y58: 1.858 | Z58: 113325 | AA58: 1014 | AB58: ND | AC58: 1996 | AD58: =IF(AC58=0,1000,IF(AC58=9999,"ND",(K58/365.25+1899)-AC58)) -> 7.8158795 | AE58: ND | AF58: 100 | AG58: 0 | AH58: Sand | AI58: 6.4 | AJ58: 3530 | AK58: 24 | AL58: 16 | AM58: 15 | AN58: 3.6 | AO58: 0.36 | AP58: 63
A59: 57 | B59: core | C59: Dune Asteraceous Fynbos | D59: 30 | E59: 72 | F59: N | G59: CL | H59: IP | I59: IP | J59: IP | K59: 38269 | L59: M. Mergili | M59: 354958 | N59: 6175491 | O59: 304 | P59: ND | Q59: 301 | R59: 13 | S59: 12 | T59: =IF(OR(R59="ND",R59=""),S59,R59) -> 13 | U59: 45 | V59: 71 | W59: =IF(OR(U59="ND",U59=""),V59,U59) -> 45 | X59: =IF(OR(W59<12,W59>348),6,IF(OR(W59<34,W59>326),5,IF(OR(W59<68,W59>292),4,IF(OR(W59<113,W59>247),3,IF(OR(W59<158,W59>212),2,IF(OR(W59<179,W59>191),1,0)))))) -> 4 | Y59: 0.807 | Z59: 117686 | AA59: 992 | AB59: ND | AC59: 1994 | AD59: =IF(AC59=0,1000,IF(AC59=9999,"ND",(K59/365.25+1899)-AC59)) -> 9.7748118 | AE59: ND | AF59: 28 | AG59: 0 | AH59: Sand | AI59: 8.1 | AJ59: 1070 | AK59: 72 | AL59: 14 | AM59: 23 | AN59: 39.72 | AO59: 1.57 | AP59: 64
A60: 58 | B60: core | C60: Pteris dentata Fernland | D60: 6 | E60: 113 | F60: N | G60: CL | H60: IP | I60: IP | J60: IP | K60: 38283 | L60: M. Mergili | M60: 356500 | N60: 6176447 | O60: 238 | P60: ND | Q60: 236 | R60: 8 | S60: 7 | T60: =IF(OR(R60="ND",R60=""),S60,R60) -> 8 | U60: 190 | V60: 188 | W60: =IF(OR(U60="ND",U60=""),V60,U60) -> 190 | X60: =IF(OR(W60<12,W60>348),6,IF(OR(W60<34,W60>326),5,IF(OR(W60<68,W60>292),4,IF(OR(W60<113,W60>247),3,IF(OR(W60<158,W60>212),2,IF(OR(W60<179,W60>191),1,0)))))) -> 0 | Y60: 2.047 | Z60: 93173 | AA60: 188 | AB60: ND | AC60: 1990 | AD60: =IF(AC60=0,1000,IF(AC60=9999,"ND",(K60/365.25+1899)-AC60)) -> 13.813142 | AE60: ND | AF60: 100 | AG60: 0 | AH60: Sand | AI60: 6.1 | AJ60: 1230 | AK60: 29 | AL60: 79 | AM60: 90 | AN60: 19.5 | AO60: 1.62 | AP60: 65
A61: 59 | B61: core | C61: True Wetland | D61: 13 | E61: 120 | F61: N | G61: CL | H61: IP | I61: IP | J61: IP | K61: 38283 | L61: M. Mergili | M61: 356507 | N61: 6176425 | O61: 243 | P61: ND | Q61: 236 | R61: 9 | S61: 9 | T61: =IF(OR(R61="ND",R61=""),S61,R61) -> 9 | U61: 335 | V61: 305 | W61: =IF(OR(U61="ND",U61=""),V61,U61) -> 335 | X61: =IF(OR(W61<12,W61>348),6,IF(OR(W61<34,W61>326),5,IF(OR(W61<68,W61>292),4,IF(OR(W61<113,W61>247),3,IF(OR(W61<158,W61>212),2,IF(OR(W61<179,W61>191),1,0)))))) -> 5 | Y61: 1 | Z61: 106255 | AA61: 193 | AB61: ND | AC61: 1990 | AD61: =IF(AC61=0,1000,IF(AC61=9999,"ND",(K61/365.25+1899)-AC61)) -> 13.813142 | AE61: ND | AF61: 100 | AG61: 0 | AH61: Loam | AI61: 7.9 | AJ61: 910 | AK61: 66 | AL61: 23 | AM61: 44 | AN61: 35.65 | AO61: 1.58 | AP61: 66
A62: 60 | B62: core | C62: Milkwood Scrub Forest | D62: 10 | E62: 217 | F62: N | G62: CL | H62: IP | I62: IP | J62: IP | K62: 38265 | L62: M. Mergili | M62: 357686 | N62: 6179197 | O62: ND | P62: ND | Q62: 228 | R62: ND | S62: 1 | T62: =IF(OR(R62="ND",R62=""),S62,R62) -> 1 | U62: ND | V62: 245 | W62: =IF(OR(U62="ND",U62=""),V62,U62) -> 245 | X62: =IF(OR(W62<12,W62>348),6,IF(OR(W62<34,W62>326),5,IF(OR(W62<68,W62>292),4,IF(OR(W62<113,W62>247),3,IF(OR(W62<158,W62>212),2,IF(OR(W62<179,W62>191),1,0)))))) -> 2 | Y62: 0.294 | Z62: 106354 | AA62: 1173 | AB62: ND | AC62: 0 | AD62: =IF(AC62=0,1000,IF(AC62=9999,"ND",(K62/365.25+1899)-AC62)) -> 1000 | AE62: ND | AF62: 100 | AG62: 0 | AH62: Sand | AI62: 6.3 | AJ62: 1180 | AK62: 39 | AL62: 72 | AM62: 19 | AN62: 12.9 | AO62: 0.63 | AP62: 67
A63: 61 | B63: core | C63: Milkwood Scrub Forest | D63: 9 | E63: 168.5 | F63: N | G63: CL | H63: IP | I63: IP | J63: IP | K63: 38259 | L63: M. Mergili | M63: 357904 | N63: 6179160 | O63: 247 | P63: ND | Q63: 237 | R63: ND | S63: 4 | T63: =IF(OR(R63="ND",R63=""),S63,R63) -> 4 | U63: ND | V63: 264 | W63: =IF(OR(U63="ND",U63=""),V63,U63) -> 264 | X63: =IF(OR(W63<12,W63>348),6,IF(OR(W63<34,W63>326),5,IF(OR(W63<68,W63>292),4,IF(OR(W63<113,W63>247),3,IF(OR(W63<158,W63>212),2,IF(OR(W63<179,W63>191),1,0)))))) -> 3 | Y63: 1.669 | Z63: 106256 | AA63: 1113 | AB63: ND | AC63: 0 | AD63: =IF(AC63=0,1000,IF(AC63=9999,"ND",(K63/365.25+1899)-AC63)) -> 1000 | AE63: ND | AF63: 100 | AG63: 0 | AH63: Sand | AI63: 6.4 | AJ63: 1040 | AK63: 38 | AL63: 119 | AM63: 28 | AN63: 9.03 | AO63: 1.35 | AP63: 68
A64: 62 | B64: core | C64: Protea repens Proteoid Fynbos | D64: 19 | E64: 141 | F64: N | G64: CL | H64: IP | I64: IP | J64: IP | K64: 38284 | L64: M. Mergili | M64: 357939 | N64: 6177577 | O64: 349 | P64: ND | Q64: 343 | R64: 8 | S64: 6 | T64: =IF(OR(R64="ND",R64=""),S64,R64) -> 8 | U64: 45 | V64: 19 | W64: =IF(OR(U64="ND",U64=""),V64,U64) -> 45 | X64: =IF(OR(W64<12,W64>348),6,IF(OR(W64<34,W64>326),5,IF(OR(W64<68,W64>292),4,IF(OR(W64<113,W64>247),3,IF(OR(W64<158,W64>212),2,IF(OR(W64<179,W64>191),1,0)))))) -> 4 | Y64: 1.768 | Z64: 112349 | AA64: 906 | AB64: ND | AC64: 1996 | AD64: =IF(AC64=0,1000,IF(AC64=9999,"ND",(K64/365.25+1899)-AC64)) -> 7.8158795 | AE64: ND | AF64: 100 | AG64: 0 | AH64: Sand | AI64: 5.6 | AJ64: 3250 | AK64: 23 | AL64: 8 | AM64: 12 | AN64: 3.44 | AO64: 0.46 | AP64: 69
A65: 63 | B65: core | C65: Dune Asteraceous Fynbos | D65: 22 | E65: 109.5 | F65: N | G65: CL | H65: IP | I65: IP | J65: IP | K65: 38259 | L65: M. Mergili | M65: 356586 | N65: 6179143 | O65: 199 | P65: ND | Q65: 196 | R65: 0 | S65: 3 | T65: =IF(OR(R65="ND",R65=""),S65,R65) -> 0 | U65: ND | V65: 225 | W65: =IF(OR(U65="ND",U65=""),V65,U65) -> 225 | X65: =IF(OR(W65<12,W65>348),6,IF(OR(W65<34,W65>326),5,IF(OR(W65<68,W65>292),4,IF(OR(W65<113,W65>247),3,IF(OR(W65<158,W65>212),2,IF(OR(W65<179,W65>191),1,0)))))) -> 2 | Y65: 0.565 | Z65: 104583 | AA65: 1287 | AB65: ND | AC65: 2000 | AD65: =IF(AC65=0,1000,IF(AC65=9999,"ND",(K65/365.25+1899)-AC65)) -> 3.7474333 | AE65: ND | AF65: 100 | AG65: 0 | AH65: Sand | AI65: 8.2 | AJ65: 2150 | AK65: 115 | AL65: 20 | AM65: 15 | AN65: 32.97 | AO65: 1.47 | AP65: 70
A66: 64 | B66: core | C66: Acid Sand Proteoid Fynbos | D66: 40 | E66: 120 | F66: N | G66: IP | H66: IP | I66: IP | J66: IP | K66: 38261 | L66: M. Mergili | M66: 359444 | N66: 6179087 | O66: 390 | P66: ND | Q66: 388 | R66: 17 | S66: 19 | T66: =IF(OR(R66="ND",R66=""),S66,R66) -> 17 | U66: 0 | V66: 332 | W66: =IF(OR(U66="ND",U66=""),V66,U66) -> 0 | X66: =IF(OR(W66<12,W66>348),6,IF(OR(W66<34,W66>326),5,IF(OR(W66<68,W66>292),4,IF(OR(W66<113,W66>247),3,IF(OR(W66<158,W66>212),2,IF(OR(W66<179,W66>191),1,0)))))) -> 6 | Y66: 0.414 | Z66: 119272 | AA66: 646 | AB66: ND | AC66: 2000 | AD66: =IF(AC66=0,1000,IF(AC66=9999,"ND",(K66/365.25+1899)-AC66)) -> 3.752909 | AE66: ND | AF66: 6 | AG66: 18 | AH66: Sand | AI66: 5.6 | AJ66: 3120 | AK66: 39 | AL66: 4 | AM66: 54 | AN66: 13.26 | AO66: 2.27 | AP66: 73
A67: 65 | B67: core | C67: Protea obtusifolia Proteoid Fynbos | D67: 27 | E67: 104 | F67: N | G67: CL | H67: IP | I67: IP | J67: IP | K67: 38265 | L67: M. Mergili | M67: 357999 | N67: 6179354 | O67: 252 | P67: ND | Q67: 247 | R67: 6 | S67: 5 | T67: =IF(OR(R67="ND",R67=""),S67,R67) -> 6 | U67: 205 | V67: 200 | W67: =IF(OR(U67="ND",U67=""),V67,U67) -> 205 | X67: =IF(OR(W67<12,W67>348),6,IF(OR(W67<34,W67>326),5,IF(OR(W67<68,W67>292),4,IF(OR(W67<113,W67>247),3,IF(OR(W67<158,W67>212),2,IF(OR(W67<179,W67>191),1,0)))))) -> 1 | Y67: 0.259 | Z67: 101822 | AA67: 1186 | AB67: ND | AC67: 2000 | AD67: =IF(AC67=0,1000,IF(AC67=9999,"ND",(K67/365.25+1899)-AC67)) -> 3.7638604 | AE67: ND | AF67: 100 | AG67: 0 | AH67: Sand | AI67: 6.9 | AJ67: 3440 | AK67: 18 | AL67: 43 | AM67: 22 | AN67: 6.95 | AO67: 0.63 | AP67: 74
A68: 66 | B68: core | C68: Protea obtusifolia Proteoid Fynbos | D68: 25 | E68: 167.5 | F68: N | G68: CL | H68: IP | I68: IP | J68: IP | K68: 38261 | L68: M. Mergili | M68: 358660 | N68: 6179080 | O68: 301 | P68: ND | Q68: 293 | R68: 2 | S68: 7 | T68: =IF(OR(R68="ND",R68=""),S68,R68) -> 2 | U68: 315 | V68: 258 | W68: =IF(OR(U68="ND",U68=""),V68,U68) -> 315 | X68: =IF(OR(W68<12,W68>348),6,IF(OR(W68<34,W68>326),5,IF(OR(W68<68,W68>292),4,IF(OR(W68<113,W68>247),3,IF(OR(W68<158,W68>212),2,IF(OR(W68<179,W68>191),1,0)))))) -> 4 | Y68: 0.906 | Z68: 105544 | AA68: 1029 | AB68: ND | AC68: 1996 | AD68: =IF(AC68=0,1000,IF(AC68=9999,"ND",(K68/365.25+1899)-AC68)) -> 7.752909 | AE68: ND | AF68: 100 | AG68: 0 | AH68: Sand | AI68: 8.1 | AJ68: 1830 | AK68: 94 | AL68: 23 | AM68: 27 | AN68: 62 | AO68: 1.28 | AP68: 75
A69: 67 | B69: core | C69: Protea repens Proteoid Fynbos (post-fire regenerating) | D69: 17 | E69: 159 | F69: N | G69: CL | H69: IP | I69: IP | J69: IP | K69: 38261 | L69: M. Mergili | M69: 359046 | N69: 6179207 | O69: 314 | P69: ND | Q69: 312 | R69: 1 | S69: 5 | T69: =IF(OR(R69="ND",R69=""),S69,R69) -> 1 | U69: 305 | V69: 260 | W69: =IF(OR(U69="ND",U69=""),V69,U69) -> 305 | X69: =IF(OR(W69<12,W69>348),6,IF(OR(W69<34,W69>326),5,IF(OR(W69<68,W69>292),4,IF(OR(W69<113,W69>247),3,IF(OR(W69<158,W69>212),2,IF(OR(W69<179,W69>191),1,0)))))) -> 4 | Y69: 0.37 | Z69: 106297 | AA69: 713 | AB69: ND | AC69: 2000 | AD69: =IF(AC69=0,1000,IF(AC69=9999,"ND",(K69/365.25+1899)-AC69)) -> 3.752909 | AE69: ND | AF69: 100 | AG69: 0 | AH69: Sand | AI69: 6.2 | AJ69: 4180 | AK69: 15 | AL69: 8 | AM69: 9 | AN69: 3.65 | AO69: 0.53 | AP69: 76
A70: 68 | B70: core | C70: Acid Sand Proteoid Fynbos | D70: 37 | E70: 118 | F70: N | G70: IP | H70: IP | I70: IP | J70: IP | K70: 38263 | L70: M. Mergili | M70: 359447 | N70: 6178415 | O70: 369 | P70: ND | Q70: 367 | R70: 14 | S70: 18 | T70: =IF(OR(R70="ND",R70=""),S70,R70) -> 14 | U70: 0 | V70: 300 | W70: =IF(OR(U70="ND",U70=""),V70,U70) -> 0 | X70: =IF(OR(W70<12,W70>348),6,IF(OR(W70<34,W70>326),5,IF(OR(W70<68,W70>292),4,IF(OR(W70<113,W70>247),3,IF(OR(W70<158,W70>212),2,IF(OR(W70<179,W70>191),1,0)))))) -> 6 | Y70: 0.161 | Z70: 112335 | AA70: 770 | AB70: ND | AC70: 2001 | AD70: =IF(AC70=0,1000,IF(AC70=9999,"ND",(K70/365.25+1899)-AC70)) -> 2.7583847 | AE70: ND | AF70: 2 | AG70: 40 | AH70: Sand | AI70: 5.5 | AJ70: 4360 | AK70: 18 | AL70: 1 | AM70: 10 | AN70: 2.74 | AO70: 0.55 | AP70: 77
A71: 69 | B71: core | C71: Erica sessiliflora Ericaceous Fynbos | D71: 22 | E71: 145.5 | F71: N | G71: IP | H71: IP | I71: IP | J71: IP | K71: 38263 | L71: M. Mergili | M71: 358962 | N71: 6178591 | O71: 308 | P71: ND | Q71: 297 | R71: 9 | S71: 17 | T71: =IF(OR(R71="ND",R71=""),S71,R71) -> 9 | U71: 230 | V71: 205 | W71: =IF(OR(U71="ND",U71=""),V71,U71) -> 230 | X71: =IF(OR(W71<12,W71>348),6,IF(OR(W71<34,W71>326),5,IF(OR(W71<68,W71>292),4,IF(OR(W71<113,W71>247),3,IF(OR(W71<158,W71>212),2,IF(OR(W71<179,W71>191),1,0)))))) -> 2 | Y71: 0.485 | Z71: 86860 | AA71: 925 | AB71: ND | AC71: 1996 | AD71: =IF(AC71=0,1000,IF(AC71=9999,"ND",(K71/365.25+1899)-AC71)) -> 7.7583847 | AE71: ND | AF71: 55 | AG71: 0 | AH71: Loam | AI71: 5.6 | AJ71: 1800 | AK71: 65 | AL71: 8 | AM71: 65 | AN71: 17.33 | AO71: 3 | AP71: 78
A72: 70 | B72: core | C72: Protea obtusifolia Proteoid Fynbos | D72: 35 | E72: 176.5 | F72: N | G72: CL | H72: IP | I72: IP | J72: IP | K72: 38265 | L72: M. Mergili | M72: 357503 | N72: 6178735 | O72: 233 | P72: ND | Q72: 233 | R72: 2 | S72: 5 | T72: =IF(OR(R72="ND",R72=""),S72,R72) -> 2 | U72: 340 | V72: 354 | W72: =IF(OR(U72="ND",U72=""),V72,U72) -> 340 | X72: =IF(OR(W72<12,W72>348),6,IF(OR(W72<34,W72>326),5,IF(OR(W72<68,W72>292),4,IF(OR(W72<113,W72>247),3,IF(OR(W72<158,W72>212),2,IF(OR(W72<179,W72>191),1,0)))))) -> 5 | Y72: 0.791 | Z72: 110872 | AA72: 1088 | AB72: ND | AC72: 1996 | AD72: =IF(AC72=0,1000,IF(AC72=9999,"ND",(K72/365.25+1899)-AC72)) -> 7.7638604 | AE72: ND | AF72: 45 | AG72: 0 | AH72: Sand | AI72: 8 | AJ72: 2380 | AK72: 90 | AL72: 20 | AM72: 14 | AN72: 48.44 | AO72: 1.23 | AP72: 79
A73: 71 | B73: core | C73: Dune Asteraceous Fynbos | D73: 33 | E73: 98 | F73: N | G73: IP | H73: IP | I73: IP | J73: IP | K73: 38278 | L73: M. Mergili | M73: 359162 | N73: 6178383 | O73: 323 | P73: ND | Q73: 317 | R73: 40 | S73: 12 | T73: =IF(OR(R73="ND",R73=""),S73,R73) -> 40 | U73: 50 | V73: 53 | W73: =IF(OR(U73="ND",U73=""),V73,U73) -> 50 | X73: =IF(OR(W73<12,W73>348),6,IF(OR(W73<34,W73>326),5,IF(OR(W73<68,W73>292),4,IF(OR(W73<113,W73>247),3,IF(OR(W73<158,W73>212),2,IF(OR(W73<179,W73>191),1,0)))))) -> 4 | Y73: 0.698 | Z73: 115471 | AA73: 713 | AB73: ND | AC73: 2001 | AD73: =IF(AC73=0,1000,IF(AC73=9999,"ND",(K73/365.25+1899)-AC73)) -> 2.7994524 | AE73: ND | AF73: 15 | AG73: 65 | AH73: Loam | AI73: 7.9 | AJ73: 680 | AK73: 145 | AL73: 31 | AM73: 78 | AN73: 45.31 | AO73: 3.38 | AP73: 80
A74: 72 | B74: ext | C74: Acid Sand Proteoid Fynbos | D74: ND | E74: ND | F74: NN | G74: NN | H74: NN | I74: NN | J74: NN | K74: 38278 | L74: M. Mergili | M74: 359335 | N74: 6178573 | O74: ND | Q74: 314 | S74: 9 | T74: =IF(OR(R74="ND",R74=""),S74,R74) -> 9 | V74: 227 | W74: =IF(OR(U74="ND",U74=""),V74,U74) -> 227 | X74: =IF(OR(W74<12,W74>348),6,IF(OR(W74<34,W74>326),5,IF(OR(W74<68,W74>292),4,IF(OR(W74<113,W74>247),3,IF(OR(W74<158,W74>212),2,IF(OR(W74<179,W74>191),1,0)))))) -> 2 | Y74: 2.597 | Z74: 99673 | AA74: 447 | AC74: 100 | AD74: =IF(AC74=0,1000,IF(AC74=9999,"ND",(K74/365.25+1899)-AC74)) -> 1903.7995 | AE74: ND | AF74: ND | AG74: ND | AH74: ND | AI74: ND | AJ74: ND | AK74: ND | AL74: ND | AM74: ND | AN74: ND | AO74: ND | AP74: 100
A75: 73 | B75: ext | C75: Transitional Proteoid Fynbos | D75: ND | E75: ND | F75: NN | G75: NN | H75: NN | I75: NN | J75: NN | K75: 38278 | L75: M. Mergili | M75: 359379 | N75: 6178524 | O75: ND | Q75: 326 | S75: 17 | T75: =IF(OR(R75="ND",R75=""),S75,R75) -> 17 | V75: 333 | W75: =IF(OR(U75="ND",U75=""),V75,U75) -> 333 | X75: =IF(OR(W75<12,W75>348),6,IF(OR(W75<34,W75>326),5,IF(OR(W75<68,W75>292),4,IF(OR(W75<113,W75>247),3,IF(OR(W75<158,W75>212),2,IF(OR(W75<179,W75>191),1,0)))))) -> 5 | Y75: 0.809 | Z75: 117226 | AA75: 447 | AC75: 1996 | AD75: =IF(AC75=0,1000,IF(AC75=9999,"ND",(K75/365.25+1899)-AC75)) -> 7.7994524 | AE75: ND | AF75: ND | AG75: ND | AH75: ND | AI75: ND | AJ75: ND | AK75: ND | AL75: ND | AM75: ND | AN75: ND | AO75: ND | AP75: 101
A76: 74 | B76: ext | C76: Dune Asteraceous Fynbos | D76: ND | E76: ND | F76: NN | G76: NN | H76: NN | I76: NN | J76: NN | K76: 38282 | L76: M. Mergili | M76: 355800 | N76: 6175377 | O76: 233 | Q76: 223 | S76: 9 | T76: =IF(OR(R76="ND",R76=""),S76,R76) -> 9 | V76: 170 | W76: =IF(OR(U76="ND",U76=""),V76,U76) -> 170 | X76: =IF(OR(W76<12,W76>348),6,IF(OR(W76<34,W76>326),5,IF(OR(W76<68,W76>292),4,IF(OR(W76<113,W76>247),3,IF(OR(W76<158,W76>212),2,IF(OR(W76<179,W76>191),1,0)))))) -> 1 | Y76: 0.63 | Z76: 95688 | AA76: 1229 | AC76: 1994 | AD76: =IF(AC76=0,1000,IF(AC76=9999,"ND",(K76/365.25+1899)-AC76)) -> 9.8104038 | AE76: ND | AF76: ND | AG76: ND | AH76: ND | AI76: ND | AJ76: ND | AK76: ND | AL76: ND | AM76: ND | AN76: ND | AO76: ND | AP76: 104
A77: 75 | B77: ext | C77: Erica coccinea Ericoid Fynbos | D77: ND | E77: ND | F77: NN | G77: NN | H77: NN | I77: NN | J77: NN | K77: 38282 | L77: M. Mergili | M77: 355799 | N77: 6175404 | O77: 238 | Q77: 226 | S77: 11 | T77: =IF(OR(R77="ND",R77=""),S77,R77) -> 11 | V77: 188 | W77: =IF(OR(U77="ND",U77=""),V77,U77) -> 188 | X77: =IF(OR(W77<12,W77>348),6,IF(OR(W77<34,W77>326),5,IF(OR(W77<68,W77>292),4,IF(OR(W77<113,W77>247),3,IF(OR(W77<158,W77>212),2,IF(OR(W77<179,W77>191),1,0)))))) -> 0 | Y77: 0.623 | Z77: 92936 | AA77: 1140 | AC77: 1994 | AD77: =IF(AC77=0,1000,IF(AC77=9999,"ND",(K77/365.25+1899)-AC77)) -> 9.8104038 | AE77: ND | AF77: ND | AG77: ND | AH77: ND | AI77: ND | AJ77: ND | AK77: ND | AL77: ND | AM77: ND | AN77: ND | AO77: ND | AP77: 106
A78: 76 | B78: ext | C78: Erica coccinea Ericoid Fynbos | D78: ND | E78: ND | F78: NN | G78: NN | H78: NN | I78: NN | J78: NN | K78: 38282 | L78: M. Mergili | M78: 355816 | N78: 6175470 | O78: 233 | Q78: 232 | S78: 9 | T78: =IF(OR(R78="ND",R78=""),S78,R78) -> 9 | V78: 48 | W78: =IF(OR(U78="ND",U78=""),V78,U78) -> 48 | X78: =IF(OR(W78<12,W78>348),6,IF(OR(W78<34,W78>326),5,IF(OR(W78<68,W78>292),4,IF(OR(W78<113,W78>247),3,IF(OR(W78<158,W78>212),2,IF(OR(W78<179,W78>191),1,0)))))) -> 4 | Y78: 0.075 | Z78: 110981 | AA78: 1427 | AC78: 1994 | AD78: =IF(AC78=0,1000,IF(AC78=9999,"ND",(K78/365.25+1899)-AC78)) -> 9.8104038 | AE78: ND | AF78: ND | AG78: ND | AH78: ND | AI78: ND | AJ78: ND | AK78: ND | AL78: ND | AM78: ND | AN78: ND | AO78: ND | AP78: 108
A79: 77 | B79: ext | C79: Neutral Sand Proteoid Fynbos | D79: ND | E79: ND | F79: NN | G79: NN | H79: NN | I79: NN | J79: NN | K79: 38282 | L79: M. Mergili | M79: 355786 | N79: 6175364 | O79: ND | Q79: 222 | S79: 6 | T79: =IF(OR(R79="ND",R79=""),S79,R79) -> 6 | V79: 104 | W79: =IF(OR(U79="ND",U79=""),V79,U79) -> 104 | X79: =IF(OR(W79<12,W79>348),6,IF(OR(W79<34,W79>326),5,IF(OR(W79<68,W79>292),4,IF(OR(W79<113,W79>247),3,IF(OR(W79<158,W79>212),2,IF(OR(W79<179,W79>191),1,0)))))) -> 3 | Y79: 2.057 | Z79: 103575 | AA79: 1220 | AC79: 100 | AD79: =IF(AC79=0,1000,IF(AC79=9999,"ND",(K79/365.25+1899)-AC79)) -> 1903.8104 | AE79: ND | AF79: ND | AG79: ND | AH79: ND | AI79: ND | AJ79: ND | AK79: ND | AL79: ND | AM79: ND | AN79: ND | AO79: ND | AP79: 111
A80: 78 | B80: ext | C80: Neutral Sand Proteoid Fynbos | D80: ND | E80: ND | F80: NN | G80: NN | H80: NN | I80: NN | J80: NN | K80: 38282 | L80: M. Mergili | M80: 355768 | N80: 6175357 | O80: ND | Q80: 224 | S80: 8 | T80: =IF(OR(R80="ND",R80=""),S80,R80) -> 8 | V80: 60 | W80: =IF(OR(U80="ND",U80=""),V80,U80) -> 60 | X80: =IF(OR(W80<12,W80>348),6,IF(OR(W80<34,W80>326),5,IF(OR(W80<68,W80>292),4,IF(OR(W80<113,W80>247),3,IF(OR(W80<158,W80>212),2,IF(OR(W80<179,W80>191),1,0)))))) -> 4 | Y80: 0.564 | Z80: 108567 | AA80: 1251 | AC80: 1994 | AD80: =IF(AC80=0,1000,IF(AC80=9999,"ND",(K80/365.25+1899)-AC80)) -> 9.8104038 | AE80: ND | AF80: ND | AG80: ND | AH80: ND | AI80: ND | AJ80: ND | AK80: ND | AL80: ND | AM80: ND | AN80: ND | AO80: ND | AP80: 112
A81: 79 | B81: ext | C81: Dune Asteraceous Fynbos | D81: ND | E81: ND | F81: NN | G81: NN | H81: NN | I81: NN | J81: NN | K81: 38282 | L81: M. Mergili | M81: 356296 | N81: 6175057 | O81: 206 | Q81: 201 | S81: 19 | T81: =IF(OR(R81="ND",R81=""),S81,R81) -> 19 | V81: 165 | W81: =IF(OR(U81="ND",U81=""),V81,U81) -> 165 | X81: =IF(OR(W81<12,W81>348),6,IF(OR(W81<34,W81>326),5,IF(OR(W81<68,W81>292),4,IF(OR(W81<113,W81>247),3,IF(OR(W81<158,W81>212),2,IF(OR(W81<179,W81>191),1,0)))))) -> 1 | Y81: 0.986 | Z81: 82367 | AA81: 1396 | AC81: 1994 | AD81: =IF(AC81=0,1000,IF(AC81=9999,"ND",(K81/365.25+1899)-AC81)) -> 9.8104038 | AE81: ND | AF81: ND | AG81: ND | AH81: ND | AI81: ND | AJ81: ND | AK81: ND | AL81: ND | AM81: ND | AN81: ND | AO81: ND | AP81: 115
A82: 80 | B82: ext | C82: Erica coccinea Ericoid Fynbos | D82: ND | E82: ND | F82: NN | G82: NN | H82: NN | I82: NN | J82: NN | K82: 38282 | L82: M. Mergili | M82: 356291 | N82: 6175098 | O82: 217 | Q82: 213 | S82: 14 | T82: =IF(OR(R82="ND",R82=""),S82,R82) -> 14 | V82: 180 | W82: =IF(OR(U82="ND",U82=""),V82,U82) -> 180 | X82: =IF(OR(W82<12,W82>348),6,IF(OR(W82<34,W82>326),5,IF(OR(W82<68,W82>292),4,IF(OR(W82<113,W82>247),3,IF(OR(W82<158,W82>212),2,IF(OR(W82<179,W82>191),1,0)))))) -> 0 | Y82: 0.94 | Z82: 88377 | AA82: 1451 | AC82: 1994 | AD82: =IF(AC82=0,1000,IF(AC82=9999,"ND",(K82/365.25+1899)-AC82)) -> 9.8104038 | AE82: ND | AF82: ND | AG82: ND | AH82: ND | AI82: ND | AJ82: ND | AK82: ND | AL82: ND | AM82: ND | AN82: ND | AO82: ND | AP82: 116
A83: 81 | B83: ext | C83: Neutral Sand Proteoid Fynbos | D83: ND | E83: ND | F83: NN | G83: NN | H83: NN | I83: NN | J83: NN | K83: 38282 | L83: M. Mergili | M83: 356309 | N83: 6175154 | O83: 222 | Q83: 226 | S83: 8 | T83: =IF(OR(R83="ND",R83=""),S83,R83) -> 8 | V83: 183 | W83: =IF(OR(U83="ND",U83=""),V83,U83) -> 183 | X83: =IF(OR(W83<12,W83>348),6,IF(OR(W83<34,W83>326),5,IF(OR(W83<68,W83>292),4,IF(OR(W83<113,W83>247),3,IF(OR(W83<158,W83>212),2,IF(OR(W83<179,W83>191),1,0)))))) -> 0 | Y83: 0.153 | Z83: 98226 | AA83: 1596 | AC83: 1994 | AD83: =IF(AC83=0,1000,IF(AC83=9999,"ND",(K83/365.25+1899)-AC83)) -> 9.8104038 | AE83: ND | AF83: ND | AG83: ND | AH83: ND | AI83: ND | AJ83: ND | AK83: ND | AL83: ND | AM83: ND | AN83: ND | AO83: ND | AP83: 120
A84: 82 | B84: ext | C84: Erica coccinea Ericoid Fynbos | D84: ND | E84: ND | F84: NN | G84: NN | H84: NN | I84: NN | J84: NN | K84: 38282 | L84: M. Mergili | M84: 356264 | N84: 6175007 | O84: 183 | Q84: 180 | S84: 32 | T84: =IF(OR(R84="ND",R84=""),S84,R84) -> 32 | V84: 167 | W84: =IF(OR(U84="ND",U84=""),V84,U84) -> 167 | X84: =IF(OR(W84<12,W84>348),6,IF(OR(W84<34,W84>326),5,IF(OR(W84<68,W84>292),4,IF(OR(W84<113,W84>247),3,IF(OR(W84<158,W84>212),2,IF(OR(W84<179,W84>191),1,0)))))) -> 1 | Y84: 0.741 | Z84: 61223 | AA84: 1166 | AC84: 1994 | AD84: =IF(AC84=0,1000,IF(AC84=9999,"ND",(K84/365.25+1899)-AC84)) -> 9.8104038 | AE84: ND | AF84: ND | AG84: ND | AH84: ND | AI84: ND | AJ84: ND | AK84: ND | AL84: ND | AM84: ND | AN84: ND | AO84: ND | AP84: 124
A85: 83 | B85: ext | C85: Erica coccinea Ericoid Fynbos | D85: ND | E85: ND | F85: NN | G85: NN | H85: NN | I85: NN | J85: NN | K85: 38282 | L85: M. Mergili | M85: 356236 | N85: 6174946 | O85: 180 | Q85: 179 | S85: 23 | T85: =IF(OR(R85="ND",R85=""),S85,R85) -> 23 | V85: 65 | W85: =IF(OR(U85="ND",U85=""),V85,U85) -> 65 | X85: =IF(OR(W85<12,W85>348),6,IF(OR(W85<34,W85>326),5,IF(OR(W85<68,W85>292),4,IF(OR(W85<113,W85>247),3,IF(OR(W85<158,W85>212),2,IF(OR(W85<179,W85>191),1,0)))))) -> 4 | Y85: 0.898 | Z85: 106936 | AA85: 1180 | AC85: 1994 | AD85: =IF(AC85=0,1000,IF(AC85=9999,"ND",(K85/365.25+1899)-AC85)) -> 9.8104038 | AE85: ND | AF85: ND | AG85: ND | AH85: ND | AI85: ND | AJ85: ND | AK85: ND | AL85: ND | AM85: ND | AN85: ND | AO85: ND | AP85: 127
A86: 84 | B86: ext | C86: Dune Asteraceous Fynbos | D86: ND | E86: ND | F86: NN | G86: NN | H86: NN | I86: NN | J86: NN | K86: 38282 | L86: M. Mergili | M86: 356153 | N86: 6174923 | O86: 198 | Q86: 207 | S86: 12 | T86: =IF(OR(R86="ND",R86=""),S86,R86) -> 12 | V86: 66 | W86: =IF(OR(U86="ND",U86=""),V86,U86) -> 66 | X86: =IF(OR(W86<12,W86>348),6,IF(OR(W86<34,W86>326),5,IF(OR(W86<68,W86>292),4,IF(OR(W86<113,W86>247),3,IF(OR(W86<158,W86>212),2,IF(OR(W86<179,W86>191),1,0)))))) -> 4 | Y86: 0.1 | Z86: 109085 | AA86: 1387 | AC86: 1994 | AD86: =IF(AC86=0,1000,IF(AC86=9999,"ND",(K86/365.25+1899)-AC86)) -> 9.8104038 | AE86: ND | AF86: ND | AG86: ND | AH86: ND | AI86: ND | AJ86: ND | AK86: ND | AL86: ND | AM86: ND | AN86: ND | AO86: ND | AP86: 129
A87: 85 | B87: ext | C87: Neutral Sand Proteoid Fynbos | D87: ND | E87: ND | F87: NN | G87: NN | H87: NN | I87: NN | J87: NN | K87: 38282 | L87: M. Mergili | M87: 355877 | N87: 6175160 | O87: 224 | Q87: 227 | S87: 16 | T87: =IF(OR(R87="ND",R87=""),S87,R87) -> 16 | V87: 60 | W87: =IF(OR(U87="ND",U87=""),V87,U87) -> 60 | X87: =IF(OR(W87<12,W87>348),6,IF(OR(W87<34,W87>326),5,IF(OR(W87<68,W87>292),4,IF(OR(W87<113,W87>247),3,IF(OR(W87<158,W87>212),2,IF(OR(W87<179,W87>191),1,0)))))) -> 4 | Y87: 0.793 | Z87: 110322 | AA87: 1305 | AC87: 1994 | AD87: =IF(AC87=0,1000,IF(AC87=9999,"ND",(K87/365.25+1899)-AC87)) -> 9.8104038 | AE87: ND | AF87: ND | AG87: ND | AH87: ND | AI87: ND | AJ87: ND | AK87: ND | AL87: ND | AM87: ND | AN87: ND | AO87: ND | AP87: 133
A88: 86 | B88: ext | C88: Elegia thyrsifera Restioid Fynbos | D88: ND | E88: ND | F88: NN | G88: NN | H88: NN | I88: NN | J88: NN | K88: 38282 | L88: M. Mergili | M88: 355642 | N88: 6175184 | O88: 273 | Q88: 271 | S88: 14 | T88: =IF(OR(R88="ND",R88=""),S88,R88) -> 14 | V88: 54 | W88: =IF(OR(U88="ND",U88=""),V88,U88) -> 54 | X88: =IF(OR(W88<12,W88>348),6,IF(OR(W88<34,W88>326),5,IF(OR(W88<68,W88>292),4,IF(OR(W88<113,W88>247),3,IF(OR(W88<158,W88>212),2,IF(OR(W88<179,W88>191),1,0)))))) -> 4 | Y88: 0.795 | Z88: 112176 | AA88: 1385 | AC88: 1994 | AD88: =IF(AC88=0,1000,IF(AC88=9999,"ND",(K88/365.25+1899)-AC88)) -> 9.8104038 | AE88: ND | AF88: ND | AG88: ND | AH88: ND | AI88: ND | AJ88: ND | AK88: ND | AL88: ND | AM88: ND | AN88: ND | AO88: ND | AP88: 134
A89: 87 | B89: ext | C89: Pteris dentata Shrubland | D89: ND | E89: ND | F89: NN | G89: NN | H89: NN | I89: NN | J89: NN | K89: 38283 | L89: M. Mergili | M89: 356537 | N89: 6176499 | O89: 246 | Q89: 252 | S89: 25 | T89: =IF(OR(R89="ND",R89=""),S89,R89) -> 25 | V89: 180 | W89: =IF(OR(U89="ND",U89=""),V89,U89) -> 180 | X89: =IF(OR(W89<12,W89>348),6,IF(OR(W89<34,W89>326),5,IF(OR(W89<68,W89>292),4,IF(OR(W89<113,W89>247),3,IF(OR(W89<158,W89>212),2,IF(OR(W89<179,W89>191),1,0)))))) -> 0 | Y89: 1.626 | Z89: 70627 | AA89: 354 | AC89: 100 | AD89: =IF(AC89=0,1000,IF(AC89=9999,"ND",(K89/365.25+1899)-AC89)) -> 1903.8131 | AE89: ND | AF89: ND | AG89: ND | AH89: ND | AI89: ND | AJ89: ND | AK89: ND | AL89: ND | AM89: ND | AN89: ND | AO89: ND | AP89: 137
A90: 88 | B90: ext | C90: Pteris dentata Fernland | D90: ND | E90: ND | F90: NN | G90: NN | H90: NN | I90: NN | J90: NN | K90: 38283 | L90: M. Mergili | M90: 356532 | N90: 6176465 | O90: 248 | Q90: 239 | S90: 13 | T90: =IF(OR(R90="ND",R90=""),S90,R90) -> 13 | V90: 201 | W90: =IF(OR(U90="ND",U90=""),V90,U90) -> 201 | X90: =IF(OR(W90<12,W90>348),6,IF(OR(W90<34,W90>326),5,IF(OR(W90<68,W90>292),4,IF(OR(W90<113,W90>247),3,IF(OR(W90<158,W90>212),2,IF(OR(W90<179,W90>191),1,0)))))) -> 1 | Y90: 2.132 | Z90: 88404 | AA90: 217 | AC90: 1990 | AD90: =IF(AC90=0,1000,IF(AC90=9999,"ND",(K90/365.25+1899)-AC90)) -> 13.813142 | AE90: ND | AF90: ND | AG90: ND | AH90: ND | AI90: ND | AJ90: ND | AK90: ND | AL90: ND | AM90: ND | AN90: ND | AO90: ND | AP90: 138
A91: 89 | B91: ext | C91: Dune Asteraceous Fynbos | D91: ND | E91: ND | F91: NN | G91: NN | H91: NN | I91: NN | J91: NN | K91: 38283 | L91: M. Mergili | M91: 356547 | N91: 6176435 | O91: 247 | Q91: 243 | S91: 21 | T91: =IF(OR(R91="ND",R91=""),S91,R91) -> 21 | V91: 309 | W91: =IF(OR(U91="ND",U91=""),V91,U91) -> 309 | X91: =IF(OR(W91<12,W91>348),6,IF(OR(W91<34,W91>326),5,IF(OR(W91<68,W91>292),4,IF(OR(W91<113,W91>247),3,IF(OR(W91<158,W91>212),2,IF(OR(W91<179,W91>191),1,0)))))) -> 4 | Y91: 1.107 | Z91: 108337 | AA91: 179 | AC91: 1990 | AD91: =IF(AC91=0,1000,IF(AC91=9999,"ND",(K91/365.25+1899)-AC91)) -> 13.813142 | AE91: ND | AF91: ND | AG91: ND | AH91: ND | AI91: ND | AJ91: ND | AK91: ND | AL91: ND | AM91: ND | AN91: ND | AO91: ND | AP91: 141
A92: 90 | B92: ext | C92: True Wetland | D92: ND | E92: ND | F92: NN | G92: NN | H92: NN | I92: NN | J92: NN | K92: 38283 | L92: M. Mergili | M92: 356571 | N92: 6176454 | O92: 244 | Q92: 244 | S92: 15 | T92: =IF(OR(R92="ND",R92=""),S92,R92) -> 15 | V92: 305 | W92: =IF(OR(U92="ND",U92=""),V92,U92) -> 305 | X92: =IF(OR(W92<12,W92>348),6,IF(OR(W92<34,W92>326),5,IF(OR(W92<68,W92>292),4,IF(OR(W92<113,W92>247),3,IF(OR(W92<158,W92>212),2,IF(OR(W92<179,W92>191),1,0)))))) -> 4 | Y92: 2.95 | Z92: 107251 | AA92: 159 | AC92: 1990 | AD92: =IF(AC92=0,1000,IF(AC92=9999,"ND",(K92/365.25+1899)-AC92)) -> 13.813142 | AE92: ND | AF92: ND | AG92: ND | AH92: ND | AI92: ND | AJ92: ND | AK92: ND | AL92: ND | AM92: ND | AN92: ND | AO92: ND | AP92: 142
... A117: 115 | B117: ext | C117: Neutral Sand Proteoid Fynbos | D117: ND | E117: ND | F117: NN | G117: NN | H117: NN | I117: NN | J117: NN | K117: 38290 | L117: M. Mergili | M117: 355942 | N117: 6176155 | O117: 275 | Q117: 287 | S117: 28 | T117: =IF(OR(R117="ND",R117=""),S117,R117) -> 28 | V117: 84 | W117: =IF(OR(U117="ND",U117=""),V117,U117) -> 84 | X117: =IF(OR(W117<12,W117>348),6,IF(OR(W117<34,W117>326),5,IF(OR(W117<68,W117>292),4,IF(OR(W117<113,W117>247),3,IF(OR(W117<158,W117>212),2,IF(OR(W117<179,W117>191),1,0)))))) -> 3 | Y117: 0.592 | Z117: 98160 | AA117: 1094 | AC117: 1990 | AD117: =IF(AC117=0,1000,IF(AC117=9999,"ND",(K117/365.25+1899)-AC117)) -> 13.832307 | AE117: ND | AF117: ND | AG117: ND | AH117: ND | AI117: ND | AJ117: ND | AK117: ND | AL117: ND | AM117: ND | AN117: ND | AO117: ND | AP117: 299
A118: 116 | B118: ext | C118: Protea repens Proteoid Fynbos | D118: ND | E118: ND | F118: NN | G118: NN | H118: NN | I118: NN | J118: NN | K118: 38291 | L118: M. Mergili | M118: 357720 | N118: 6179069 | O118: 221 | Q118: 228 | S118: 1 | T118: =IF(OR(R118="ND",R118=""),S118,R118) -> 1 | V118: 51 | W118: =IF(OR(U118="ND",U118=""),V118,U118) -> 51 | X118: =IF(OR(W118<12,W118>348),6,IF(OR(W118<34,W118>326),5,IF(OR(W118<68,W118>292),4,IF(OR(W118<113,W118>247),3,IF(OR(W118<158,W118>212),2,IF(OR(W118<179,W118>191),1,0)))))) -> 4 | Y118: 0.367 | Z118: 106634 | AA118: 1140 | AC118: 1996 | AD118: =IF(AC118=0,1000,IF(AC118=9999,"ND",(K118/365.25+1899)-AC118)) -> 7.8350445 | AE118: ND | AF118: ND | AG118: ND | AH118: Sand | AI118: 6.7 | AJ118: 2870 | AK118: 26 | AL118: 55 | AM118: 22 | AN118: 5.52 | AO118: 0.82 | AP118: 301
A119: 117 | B119: ext | C119: Protea obtusifolia Proteoid Fynbos | D119: ND | E119: ND | F119: NN | G119: NN | H119: NN | I119: NN | J119: NN | K119: 38291 | L119: M. Mergili | M119: 357650 | N119: 6179138 | O119: 232 | Q119: 228 | S119: 1 | T119: =IF(OR(R119="ND",R119=""),S119,R119) -> 1 | V119: 163 | W119: =IF(OR(U119="ND",U119=""),V119,U119) -> 163 | X119: =IF(OR(W119<12,W119>348),6,IF(OR(W119<34,W119>326),5,IF(OR(W119<68,W119>292),4,IF(OR(W119<113,W119>247),3,IF(OR(W119<158,W119>212),2,IF(OR(W119<179,W119>191),1,0)))))) -> 1 | Y119: 0.052 | Z119: 104862 | AA119: 1132 | AC119: 100 | AD119: =IF(AC119=0,1000,IF(AC119=9999,"ND",(K119/365.25+1899)-AC119)) -> 1903.835 | AE119: ND | AF119: ND | AG119: ND | AH119: ND | AI119: ND | AJ119: ND | AK119: ND | AL119: ND | AM119: ND | AN119: ND | AO119: ND | AP119: 304
A120: 118 | B120: ext | C120: Neutral Sand Proteoid Fynbos | D120: ND | E120: ND | F120: NN | G120: NN | H120: NN | I120: NN | J120: NN | K120: 38291 | L120: M. Mergili | M120: 357415 | N120: 6179224 | O120: 214 | Q120: 216 | S120: 3 | T120: =IF(OR(R120="ND",R120=""),S120,R120) -> 3 | V120: 276 | W120: =IF(OR(U120="ND",U120=""),V120,U120) -> 276 | X120: =IF(OR(W120<12,W120>348),6,IF(OR(W120<34,W120>326),5,IF(OR(W120<68,W120>292),4,IF(OR(W120<113,W120>247),3,IF(OR(W120<158,W120>212),2,IF(OR(W120<179,W120>191),1,0)))))) -> 3 | Y120: 1.311 | Z120: 107009 | AA120: 1207 | AC120: 100 | AD120: =IF(AC120=0,1000,IF(AC120=9999,"ND",(K120/365.25+1899)-AC120)) -> 1903.835 | AE120: ND | AF120: ND | AG120: ND | AH120: ND | AI120: ND | AJ120: ND | AK120: ND | AL120: ND | AM120: ND | AN120: ND | AO120: ND | AP120: 307
A121: 119 | B121: ext | C121: Dune Asteraceous Fynbos | D121: ND | E121: ND | F121: NN | G121: NN | H121: NN | I121: NN | J121: NN | K121: 38291 | L121: M. Mergili | M121: 357268 | N121: 6179434 | O121: 213 | Q121: 210 | S121: 3 | T121: =IF(OR(R121="ND",R121=""),S121,R121) -> 3 | V121: 219 | W121: =IF(OR(U121="ND",U121=""),V121,U121) -> 219 | X121: =IF(OR(W121<12,W121>348),6,IF(OR(W121<34,W121>326),5,IF(OR(W121<68,W121>292),4,IF(OR(W121<113,W121>247),3,IF(OR(W121<158,W121>212),2,IF(OR(W121<179,W121>191),1,0)))))) -> 2 | Y121: 0.942 | Z121: 104151 | AA121: 1156 | AC121: 2000 | AD121: =IF(AC121=0,1000,IF(AC121=9999,"ND",(K121/365.25+1899)-AC121)) -> 3.8350445 | AE121: ND | AF121: ND | AG121: ND | AH121: ND | AI121: ND | AJ121: ND | AK121: ND | AL121: ND | AM121: ND | AN121: ND | AO121: ND | AP121: 313
A122: 120 | B122: ext | C122: Dune Asteraceous Fynbos | D122: ND | E122: ND | F122: NN | G122: NN | H122: NN | I122: NN | J122: NN | K122: 38291 | L122: M. Mergili | M122: 357421 | N122: 6179539 | O122: 231 | Q122: 230 | S122: 9 | T122: =IF(OR(R122="ND",R122=""),S122,R122) -> 9 | V122: 219 | W122: =IF(OR(U122="ND",U122=""),V122,U122) -> 219 | X122: =IF(OR(W122<12,W122>348),6,IF(OR(W122<34,W122>326),5,IF(OR(W122<68,W122>292),4,IF(OR(W122<113,W122>247),3,IF(OR(W122<158,W122>212),2,IF(OR(W122<179,W122>191),1,0)))))) -> 2 | Y122: 1.099 | Z122: 98316 | AA122: 1209 | AC122: 2000 | AD122: =IF(AC122=0,1000,IF(AC122=9999,"ND",(K122/365.25+1899)-AC122)) -> 3.8350445 | AE122: ND | AF122: ND | AG122: ND | AH122: ND | AI122: ND | AJ122: ND | AK122: ND | AL122: ND | AM122: ND | AN122: ND | AO122: ND | AP122: 315
A123: 121 | B123: ext | C123: Erica coccinea Ericoid Fynbos | D123: ND | E123: ND | F123: NN | G123: NN | H123: NN | I123: NN | J123: NN | K123: 38291 | L123: M. Mergili | M123: 357659 | N123: 6179581 | O123: 261 | Q123: 254 | S123: 8 | T123: =IF(OR(R123="ND",R123=""),S123,R123) -> 8 | V123: 242 | W123: =IF(OR(U123="ND",U123=""),V123,U123) -> 242 | X123: =IF(OR(W123<12,W123>348),6,IF(OR(W123<34,W123>326),5,IF(OR(W123<68,W123>292),4,IF(OR(W123<113,W123>247),3,IF(OR(W123<158,W123>212),2,IF(OR(W123<179,W123>191),1,0)))))) -> 2 | Y123: 0.604 | Z123: 102642 | AA123: 1172 | AC123: 2000 | AD123: =IF(AC123=0,1000,IF(AC123=9999,"ND",(K123/365.25+1899)-AC123)) -> 3.8350445 | AE123: ND | AF123: ND | AG123: ND | AH123: ND | AI123: ND | AJ123: ND | AK123: ND | AL123: ND | AM123: ND | AN123: ND | AO123: ND | AP123: 317
A124: 122 | B124: ext | C124: Neutral Sand Proteoid Fynbos | D124: ND | E124: ND | F124: NN | G124: NN | H124: NN | I124: NN | J124: NN | K124: 38291 | L124: M. Mergili | M124: 357748 | N124: 6179542 | O124: 282 | Q124: 273 | S124: 23 | T124: =IF(OR(R124="ND",R124=""),S124,R124) -> 23 | V124: 249 | W124: =IF(OR(U124="ND",U124=""),V124,U124) -> 249 | X124: =IF(OR(W124<12,W124>348),6,IF(OR(W124<34,W124>326),5,IF(OR(W124<68,W124>292),4,IF(OR(W124<113,W124>247),3,IF(OR(W124<158,W124>212),2,IF(OR(W124<179,W124>191),1,0)))))) -> 3 | Y124: 0.285 | Z124: 92498 | AA124: 904 | AC124: 2000 | AD124: =IF(AC124=0,1000,IF(AC124=9999,"ND",(K124/365.25+1899)-AC124)) -> 3.8350445 | AE124: ND | AF124: ND | AG124: ND | AH124: ND | AI124: ND | AJ124: ND | AK124: ND | AL124: ND | AM124: ND | AN124: ND | AO124: ND | AP124: 319
...

Sheet notes
A1: note | B1: description | C1: sampling | E1: coordinates [m UTM WGS84] | G1: altitude [m] | I1: slope | J1: aspect | K1: vegetation age [a] | L1: substrate
C2: date | D2: researcher | E2: x | F2: y | G2: GPS | H2: DEM | I2: DEM | J2: DEM
A3: 1001 | B3: transition 104/106 | C3: 38282 | D3: M. Mergili | E3: 355803 | F3: 6175383 | G3: 231
A4: 1002 | B4: transition 106/108 | C4: 38282 | D4: M. Mergili | E4: 355817 | F4: 6175457 | G4: 243
A5: 1003 | B5: fence 10 m down | C5: 38282 | D5: M. Mergili | E5: 355816 | F5: 6175471 | G5: 234
A6: 1004 | B6: transition to Rooikrans | C6: 38282 | D6: M. Mergili | E6: 355818 | F6: 6175487 | G6: 227
A7: 1005 | B7: transition 61/115 | C7: 38282 | D7: M. Mergili | E7: 356285 | F7: 6175077 | G7: 206
A8: 1006 | B8: transition 61/60 | C8: 38282 | D8: M. Mergili | E8: 356310 | F8: 6175050 | G8: 201
A9: 1007 | B9: ridge | C9: 38282 | D9: M. Mergili | E9: 356291 | F9: 6175098 | G9: 217
A10: 1008 | B10: like releve 61 | C10: 38282 | D10: M. Mergili | E10: 356304 | F10: 6175121 | G10: 218
A11: 1009 | B11: top of ridge | C11: 38282 | D11: M. Mergili | E11: 356300 | F11: 6175132 | G11: 226
A12: 1010 | B12: fence | C12: 38282 | D12: M. Mergili | E12: 356312 | F12: 6175168 | G12: 221
A13: 1011 | B13: transition 112/dune (elev. as 104) | C13: 38282 | D13: M. Mergili | E13: 355760 | F13: 6175345 | G13: ND
A14: 1012 | B14: transition to 134 | C14: 38282 | D14: M. Mergili | E14: 355642 | F14: 6175184 | G14: 273
A15: 1013 | B15: lower edge of forest | C15: 38283 | D15: M. Mergili | E15: 356524 | F15: 6176481 | G15: 242
A16: 1014 | B16: transition 63/f63worepens leuc.con40, asp. Cil 15, othol 10 | C16: 38284 | D16: M. Mergili | E16: 357755 | F16: 6178010 | G16: 299
A17: 1015 | B17: transition 153/154 | C17: 38284 | D17: M. Mergili | E17: 357817 | F17: 6178257 | G17: 267
A18: 1016 | B18: like 63 Leucsp7, Chrys 7 | C18: 38284 | D18: M. Mergili | E18: 357637 | F18: 6177842 | G18: 320
A19: 1017 | B19: transition 58/acid sand | C19: 38284 | D19: M. Mergili | E19: 357542 | F19: 6177532 | G19: 376
A20: 1018 | B20: transition to 69 (lower side) | C20: 38284 | D20: M. Mergili | E20: 357938 | F20: 6177578 | G20: 349
A21: 1019 | B21: end of repens left side | C21: 38284 | D21: M. Mergili | E21: 358142 | F21: 6177330 | G21: 369
A22: 1020 | B22: transition to L. coniferum dominated | C22: 38290 | D22: M. Mergili | E22: 355980 | F22: 6176393 | G22: 310
A23: 1021 | B23: more L. coniferum (45%) | C23: 38290 | D23: M. Mergili | E23: 355842 | F23: 6176241 | G23: 306
A24: 1022 | B24: transition | C24: 38290 | D24: M. Mergili | E24: 355915 | F24: 6176168 | G24: 303
A25: 1023 | B25: transition to 210 | C25: 38290 | D25: M. Mergili | E25: 356069 | F25: 6176185 | G25: 284
... A251: 1249 | B251: transition to grassy (fire?) | C251: 38297 | D251: M. Mergili | E251: 358899 | F251: 6178098 | G251: 363

Sheet sampling
A1: rel. | B1: species | C1: cover | E1: code taxon | F1: code shape | H1: inconsistencies
A2: 1 | B2: Sideroxylon inerme | C2: 85 | E2: Side ine | F2: TREM BLH
A3: 1 | B3: Droguetia iners | C3: 21 | E3: Drog ine | F3: PERL BLS
A4: 1 | B4: Chionanthus foveolatus | C4: 7 | E4: Chio fov | F4: TREM BLH
A5: 1 | B5: Myrsine africana | C5: 4 | E5: Myrs afr | F5: SHRH SLH
A6: 1 | B6: Stipa dregeana | C6: 4 | E6: Stip dre | F6: GRAH GRA
A7: 1 | B7: Cynanchum obtusifolium | C7: 2 | E7: Cyna obt | F7: CLIM BLH
A8: 1 | B8: Zantedeschia aethiopica | C8: 2 | E8: Zant aet | F8: GEOM BLH
A9: 1 | B9: Asparagus aethiopicus | C9: 1 | E9: Aspa aet | F9: CLIM ERI
A10: 1 | B10: Chasmanthe aethiopica | C10: 1 | E10: Chas aet | F10: GEOM BLH
A11: 1 | B11: Ehrharta erecta | C11: 0.5 | E11: Ehrh ere | F11: GRAM GRA
A12: 1 | B12: Kedrostis nana | C12: 0.5 | E12: Kedr nan | F12: CLIM BLS
A13: 1 | B13: Knowltonia vesicatoria | C13: 0.5 | E13: Know ves | F13: PERH BLH
... A2878: 198 | B2878: Helichrysum patulum | C2878: 2 | E2878: Heli pat | F2878: SHRM SLS

Sheet matrix taxon
C1: 1 | D1: 2 | E1: 3 | F1: 4 | G1: 5 | H1: 6 | I1: 7 | J1: 8 | K1: 9 | L1: 10 | M1: 11 | N1: 12 | O1: 13 | P1: 14 | Q1: 15 | R1: 16 | S1: 17 | T1: 18 | U1: 19 | V1: 20 | W1: 21 | X1: 22 | Y1: 23 | Z1: 24 | AA1: 25 | AB1: 26 | AC1: 27 | AD1: 28 | AE1: 29 | AF1: 30 | AG1: 31 | AH1: 32 | AI1: 33 | AJ1: 34 | AK1: 35 | AL1: 36 | AM1: 37 | AN1: 38 | AO1: 39 | AP1: 40 | AQ1: 41 | AR1: 42 | AS1: 43 | AT1: 44 | AU1: 45 | AV1: 46 | AW1: 47 | AX1: 48 | AY1: 49 | AZ1: 50 | BA1: 51 | BB1: 52 | BC1: 53 | BD1: 54 | BE1: 55 | BF1: 56 | BG1: 57 | BH1: 58 | BI1: 59 | BJ1: 60 | BK1: 61 | BL1: 62 | BM1: 63 | BN1: 64 | BO1: 65 | BP1: 66 | BQ1: 67 | BR1: 68 | BS1: 69 | BT1: 70 | BU1: 71
A2: 1 | B2: Side ine | C2: 85 | D2: 95 | E2: 35 | F2: 13 | G2: 10 | AU2: 65 | AZ2: 35 | BA2: 100 | BJ2: 95 | BK2: 80
A3: 2 | B3: Drog ine | C3: 21 | D3: 40 | E3: 12 | F3: 20 | G3: 10 | H3: 4 | J3: 4 | AU3: 8 | AX3: 1 | AZ3: 40 | BA3: 7 | BJ3: 13 | BK3: 45
A4: 3 | B4: Chio fov | C4: 7 | D4: 2 | E4: 8 | F4: 30 | G4: 15 | H4: 10 | I4: 15 | J4: 6 | AU4: 5 | AX4: 10 | AZ4: 8 | BA4: 10 | BJ4: 35 | BK4: 5
A5: 4 | B5: Myrs afr | C5: 4 | D5: 20 | E5: 5 | L5: 1 | AL5: 3 | AU5: 4 | AZ5: 10 | BA5: 2 | BC5: 0.5 | BJ5: 19 | BK5: 4 | BO5: 0.5 | BP5: 1 | BU5: 2
A6: 5 | B6: Stip dre | C6: 4 | D6: 30 | E6: 6 | F6: 1 | G6: 2 | H6: 6 | AX6: 1
A7: 6 | B7: Cyna obt | C7: 2 | D7: 0.5 | E7: 8 | F7: 3 | G7: 6 | H7: 6 | I7: 4 | J7: 3 | AA7: 0.5 | AU7: 3 | AX7: 3 | AZ7: 2 | BA7: 2 | BJ7: 8 | BK7: 2
A8: 7 | B8: Zant aet | C8: 2 | D8: 2 | E8: 2 | J8: 1 | AH8: 2 | BH8: 4 | BI8: 0.5
A9: 8 | B9: Aspa aet | C9: 1 | D9: 4 | E9: 6 | F9: 0.5 | AU9: 4 | AZ9: 6 | BA9: 0.5 | BJ9: 7 | BK9: 1
A10: 9 | B10: Chas aet | C10: 1
A11: 10 | B11: Ehrh ere | C11: 0.5 | D11: 0.5 | E11: 2 | F11: 1 | G11: 0.5 | J11: 0.5 | AU11: 3 | AZ11: 3 | BA11: 20 | BJ11: 2 | BK11: 12
A12: 11 | B12: Kedr nan | C12: 0.5 | E12: 3
A13: 12 | B13: Know ves | C13: 0.5 | M13: 0.5 | N13: 0.5 | O13: 1 | P13: 1 | Z13: 0.5 | AA13: 1 | AI13: 1 | AL13: 1 | AW13: 1 | BC13: 0.5 | BD13: 0.5 | BR13: 0.5 | BU13: 0.5
A14: 13 | B14: Gymn bux | D14: 12 | E14: 4 | F14: 0.5 | G14: 0.5 | H14: 10 | AU14: 8 | AZ14: 0.5 | BJ14: 10
A15: 14 | B15: Eucl rac | D15: 10 | E15: 12 | K15: 2 | L15: 15 | M15: 2 | N15: 15 | R15: 1 | S15: 5 | T15: 12 | AA15: 2 | AY15: 1 | AZ15: 55 | BB15: 0.5 | BC15: 0.5 | BK15: 19 | BM15: 0.5 | BO15: 17 | BP15: 7 | BT15: 4 | BU15: 0.5
A16: 15 | B16: Sola afr | D16: 0.5 | R16: 0.5 | AU16: 3
A17: 16 | B17: Meli rac | E17: 6 | AX17: 1 | AZ17: 0.5 | BJ17: 25
A18: 17 | B18: Rapa mel | F18: 30 | G18: 30 | H18: 20 | I18: 30 | J18: 40 | AX18: 10
A19: 18 | B19: Celt afr | F19: 10 | G19: 15 | J19: 20
A20: 19 | B20: Dios why | F20: 8 | G20: 25 | H20: 15 | I20: 15 | J20: 10 | AX20: 15 | BH20: 0.5
A21: 20 | B21: Aust lan | F21: 7 | G21: 0.5 | J21: 0.5 | AU21: 0.5
A22: 21 | B22: Kigg afr | F22: 6 | G22: 1 | H22: 40 | I22: 30 | AX22: 40 | BH22: 11
A23: 22 | B23: Aspa sca | F23: 4 | G23: 10 | H23: 2 | J23: 2 | AX23: 5
A24: 23 | B24: Aspl adi | F24: 0.5 | G24: 0.5 | I24: 0.5 | BC24: 2 | BD24: 0.5
A25: 24 | B25: Zehn sca | F25: 1 | G25: 2 | H25: 1 | I25: 4 | J25: 0.5 | AU25: 4
A26: 25 | B26: Haem coc | F26: 0.5 | J26: 0.5
A27: 26 | B27: Seca alp | G27: 0.5 | H27: 1 | J27: 8
A28: 27 | B28: Pter den | H28: 6 | AX28: 2 | AY28: 0.5 | BH28: 95
A29: 28 | B29: Rhoi tom | I29: 10 | J29: 30
A30: 29 | B30: Isch ele | K30: 40 | L30: 7 | M30: 30 | N30: 30 | O30: 1 | P30: 11 | R30: 12 | S30: 20 | T30: 15 | U30: 12 | V30: 0.5 | W30: 3 | X30: 4 | Y30: 2 | Z30: 2 | AA30: 2 | AB30: 8 | AC30: 8 | AE30: 0.5 | AI30: 2 | AJ30: 2 | AK30: 10 | AM30: 13 | AR30: 3 | AS30: 0.5 | AT30: 2 | AV30: 3 | AW30: 12 | BD30: 3 | BE30: 1 | BG30: 10 | BM30: 35 | BN30: 1 | BR30: 0.5 | BT30: 10
A31: 30 | B31: Pass vul | K31: 25 | L31: 12 | M31: 15 | N31: 8 | O31: 3 | P31: 10 | Q31: 12 | S31: 20 | T31: 2 | AA31: 0.5 | AC31: 5 | AD31: 3 | AW31: 8 | AY31: 0.5 | BB31: 6 | BE31: 3 | BF31: 16 | BG31: 3 | BL31: 19 | BM31: 3 | BO31: 0.5 | BP31: 9 | BQ31: 0.5 | BR31: 4 | BS31: 23 | BT31: 5
A32: 31 | B32: Pent col | K32: 25 | L32: 8 | M32: 2 | O32: 12 | P32: 2 | R32: 6 | S32: 0.5 | U32: 1 | V32: 3 | AA32: 1 | AD32: 2 | AI32: 2 | AP32: 1 | AQ32: 1 | AT32: 2
A33: 32 | B33: Tetr cus | K33: 20 | M33: 0.5 | S33: 0.5 | U33: 0.5 | V33: 3 | W33: 6 | Y33: 2 | AA33: 4 | AC33: 4 | AD33: 6 | AE33: 2 | AG33: 4 | AJ33: 2 | AK33: 6 | AL33: 3 | AM33: 2 | AN33: 0.5 | AR33: 2 | AW33: 7 | AY33: 8 | BC33: 0.5 | BD33: 30 | BG33: 4 | BM33: 2 | BT33: 15 | BU33: 0.5
A34: 33 | B34: Cass cil | K34: 10 | M34: 1 | N34: 10 | T34: 2 | U34: 1 | AD34: 2 | AL34: 3 | AW34: 6 | BF34: 18 | BI34: 0.5 | BL34: 1 | BP34: 14 | BS34: 1 | BT34: 4
A35: 34 | B35: Meta mur | K35: 8 | L35: 1 | M35: 10 | N35: 15 | O35: 1 | P35: 7 | R35: 0.5 | S35: 20 | T35: 20 | V35: 2 | W35: 6 | Y35: 4 | AA35: 2 | AB35: 25 | AC35: 20 | AD35: 6 | AG35: 0.5 | AK35: 8 | AL35: 4 | AN35: 8 | AT35: 1 | AV35: 3 | AW35: 20 | AY35: 6 | BB35: 20 | BE35: 2 | BG35: 0.5 | BM35: 2 | BT35: 16
A36: 35 | B36: Mura sal | K36: 8 | L36: 0.5 | M36: 2 | O36: 6 | P36: 1 | Q36: 1 | R36: 0.5 | S36: 14 | AD36: 2 | AF36: 2 | AT36: 2 | AV36: 3
A37: 36 | B37: Clut pol | K37: 7 | AD37: 1 | AL37: 2 | AO37: 2 | AP37: 3 | AQ37: 2 | AR37: 1 | AS37: 1 | BD37: 4
A38: 37 | B38: Herm jou | K38: 6 | L38: 5 | M38: 0.5 | N38: 2 | O38: 0.5 | P38: 1 | R38: 4 | S38: 1 | T38: 0.5 | U38: 1 | W38: 0.5 | Z38: 0.5 | AA38: 4 | AB38: 0.5 | AK38: 4 | AM38: 2 | AO38: 0.5 | AV38: 1 | AW38: 4 | BS38: 1
A39: 38 | B39: Indi bra | K39: 5 | L39: 5 | M39: 8 | N39: 12 | O39: 6 | Q39: 2 | R39: 1 | S39: 2 | T39: 7 | U39: 12 | V39: 15 | W39: 25 | X39: 8 | AA39: 3 | AD39: 10 | AE39: 3 | AK39: 2 | AL39: 3 | AM39: 2 | AN39: 15 | AR39: 1 | AS39: 3 | AT39: 1 | AY39: 0.5 | BB39: 14 | BC39: 14 | BD39: 8 | BG39: 6 | BN39: 16 | BR39: 0.5 | BU39: 10
A40: 39 | B40: Meta bre | K40: 5 | M40: 5 | R40: 1 | S40: 8 | T40: 10 | W40: 2 | Y40: 2 | AC40: 5 | AD40: 3 | AE40: 0.5 | AI40: 8 | AJ40: 8 | AK40: 3 | AS40: 0.5 | AW40: 8 | AY40: 3 | BE40: 3 | BM40: 1 | BN40: 0.5 | BR40: 3 | BT40: 0.5 | BU40: 1
A41: 40 | B41: Anth aet | K41: 4 | L41: 0.5 | M41: 4 | N41: 0.5 | O41: 2 | P41: 1 | Q41: 1 | R41: 6 | S41: 4 | T41: 4 | W41: 8 | AA41: 0.5 | AB41: 2 | AD41: 0.5 | AF41: 3 | AG41: 2 | AJ41: 0.5 | AK41: 1 | AL41: 1 | AM41: 4 | AO41: 0.5 | AQ41: 1 | AR41: 2 | AS41: 0.5 | AT41: 2 | AY41: 2 | BB41: 5 | BC41: 7 | BD41: 1 | BF41: 0.5 | BG41: 0.5 | BL41: 1 | BM41: 2 | BN41: 1 | BO41: 7 | BP41: 1 | BQ41: 7 | BR41: 2 | BT41: 0.5
A42: 41 | B42: Hypo wil | K42: 4 | Q42: 25 | AD42: 3 | AM42: 3
A43: 42 | B43: Olea cap | K43: 4 | AA43: 4 | AL43: 5 | AO43: 2 | AQ43: 1 | AW43: 6 | AY43: 2 | BC43: 0.5 | BD43: 2 | BP43: 1 | BT43: 2 | BU43: 4
A44: 43 | B44: Cyna afr | K44: 3 | S44: 1 | T44: 0.5 | AJ44: 0.5 | BB44: 0.5
A45: 44 | B45: Cull squ | K45: 2 | N45: 0.5 | R45: 0.5 | BO45: 0.5
A46: 45 | B46: Mass pus | K46: 2 | L46: 0.5 | M46: 0.5 | N46: 0.5 | O46: 1 | P46: 6 | R46: 0.5 | T46: 0.5 | V46: 0.5 | Z46: 2 | AF46: 1 | BG46: 1 | BS46: 0.5 | BT46: 0.5
A47: 46 | B47: Oede cap | K47: 2 | M47: 3 | N47: 4 | O47: 2 | P47: 2 | R47: 1 | S47: 2 | T47: 2 | U47: 1 | W47: 2 | X47: 0.5 | Y47: 4 | AA47: 35 | AD47: 1 | AI47: 2 | AJ47: 1 | AK47: 4 | AV47: 1 | AY47: 0.5 | BE47: 2 | BG47: 2 | BM47: 0.5 | BP47: 1 | BT47: 2
A48: 47 | B48: Phyl dod | K48: 2 | L48: 1 | S48: 0.5 | T48: 0.5 | AB48: 1 | AM48: 4 | BO48: 0.5 | BP48: 7 | BQ48: 0.5
A49: 48 | B49: Scab col | K49: 2 | O49: 1 | P49: 1 | R49: 2 | S49: 2 | T49: 1 | AF49: 2 | AG49: 4 | AI49: 4 | AJ49: 0.5 | AL49: 2 | AN49: 0.5
A50: 49 | B50: Jame alb | K50: 1 | R50: 0.5 | S50: 0.5 | T50: 1 | U50: 2 | X50: 0.5 | AA50: 0.5 | AC50: 1
A51: 50 | B51: Sela asp | K51: 1 | O51: 3 | R51: 8 | T51: 2 | AD51: 3 | AK51: 0.5 | AL51: 2 | AQ51: 2 | AR51: 0.5 | AT51: 2
A52: 51 | B52: Sene sop | K52: 1 | L52: 1 | O52: 1
A53: 52 | B53: Zalu vil | K53: 1 | P53: 4 | AR53: 0.5
A54: 53 | B54: Carp aci | K54: 0.5 | O54: 0.5 | P54: 2 | W54: 0.5 | AA54: 0.5 | AB54: 1 | AD54: 0.5 | AK54: 2 | AO54: 0.5 | AQ54: 0.5 | AT54: 0.5 | BB54: 3 | BE54: 2 | BF54: 0.5 | BN54: 0.5 | BO54: 0.5 | BP54: 7 | BQ54: 11 | BT54: 1 | BU54: 0.5
A55: 54 | B55: Chry mon | K55: 0.5 | N55: 2 | O55: 1 | P55: 0.5 | T55: 3 | AD55: 0.5 | BB55: 0.5
A56: 55 | B56: Fici ind | K56: 0.5 | L56: 2 | O56: 1 | Q56: 7 | S56: 2 | V56: 15 | AB56: 1 | AD56: 1 | AI56: 0.5 | AM56: 8 | AN56: 0.5 | AP56: 6 | AQ56: 1 | AR56: 0.5 | AS56: 3 | AT56: 3 | AV56: 2 | BB56: 18 | BN56: 4
A57: 56 | B57: Fici trs | K57: 0.5 | N57: 0.5 | O57: 2 | P57: 0.5 | Q57: 1 | R57: 8 | U57: 1 | W57: 5 | X57: 0.5 | Y57: 4 | Z57: 3 | AD57: 4 | AG57: 2 | AI57: 0.5 | AL57: 1 | AM57: 6 | AR57: 1 | AS57: 1 | AT57: 2
A58: 57 | B58: Heli niv | K58: 0.5 | O58: 5 | R58: 4
A59: 58 | B59: Lamp exp | K59: 0.5 | P59: 1 | AA59: 0.5 | AK59: 2 | BT59: 2
A60: 59 | B60: Pela bet | K60: 0.5 | L60: 1 | M60: 1 | N60: 2 | O60: 3 | R60: 4 | S60: 1 | T60: 0.5 | U60: 1 | V60: 5 | W60: 2 | X60: 3 | Y60: 0.5 | Z60: 0.5 | AA60: 2 | AC60: 2 | AD60: 4 | AE60: 0.5 | AG60: 1 | AJ60: 1 | AK60: 4 | AL60: 0.5 | AM60: 2 | AN60: 4 | AO60: 0.5 | AP60: 1 | AQ60: 0.5 | AS60: 2 | AW60: 3 | AY60: 0.5 | BB60: 0.5 | BC60: 3 | BD60: 3 | BE60: 0.5 | BF60: 0.5 | BG60: 0.5 | BL60: 2 | BM60: 2 | BO60: 11 | BP60: 0.5 | BQ60: 16 | BS60: 0.5 | BT60: 1 | BU60: 12
A61: 60 | B61: Pela myr | K61: 0.5 | O61: 0.5 | S61: 3 | AA61: 1 | AB61: 1 | AM61: 3 | AN61: 0.5 | AR61: 2 | AS61: 0.5 | AT61: 2 | AW61: 2 | BL61: 2 | BR61: 1
A62: 61 | B62: Phyl eri | K62: 0.5 | L62: 12 | N62: 0.5 | O62: 4 | P62: 1 | Q62: 0.5 | T62: 0.5 | U62: 0.5 | V62: 0.5 | Z62: 0.5 | AD62: 0.5 | AO62: 2 | AV62: 0.5 | BB62: 9 | BC62: 3 | BP62: 7 | BS62: 0.5
A63: 62 | B63: Olea exa | L63: 25 | N63: 4 | AO63: 6 | AQ63: 2 | BC63: 6 | BM63: 1 | BO63: 6 | BT63: 7
A64: 63 | B64: Eric irr | L64: 10 | M64: 10 | N64: 40 | O64: 0.5 | S64: 0.5 | T64: 30 | AD64: 12 | AL64: 0.5 | AV64: 6 | AW64: 8 | BB64: 40 | BC64: 4 | BN64: 2 | BP64: 20 | BT64: 20
A65: 64 | B65: Tham ere | L65: 8 | M65: 2 | AB65: 3 | AD65: 2 | AM65: 2 | AN65: 15 | AO65: 2 | AP65: 1 | AQ65: 10 | AS65: 0.5 | BB65: 8 | BC65: 11 | BE65: 4 | BF65: 8 | BL65: 6 | BM65: 2 | BN65: 3 | BO65: 9 | BP65: 4 | BR65: 3 | BS65: 3 | BT65: 21
A66: 65 | B66: Cass per | L66: 6 | M66: 3 | R66: 2 | BC66: 8
A67: 66 | B67: Dios sub | L67: 4 | AO67: 2 | BF67: 10
A68: 67 | B68: Rusc sar | L68: 3 | P68: 1 | AM68: 5 | AR68: 2 | AT68: 3
A69: 68 | B69: Aspa rub | L69: 2 | AA69: 1 | AB69: 1 | AF69: 4 | AG69: 0.5 | AO69: 2 | AQ69: 3 | AR69: 1 | AT69: 2 | BE69: 0.5 | BO69: 7 | BP69: 2 | BR69: 0.5 | BS69: 0.5
A70: 69 | B70: Fici tri | L70: 2 | Q70: 0.5 | T70: 1 | AA70: 2
A71: 70 | B71: Koel cap | L71: 2
A72: 71 | B72: Rhus gla | L72: 2 | BO72: 1 | BR72: 0.5 | BT72: 1
A73: 72 | B73: Chir bac | L73: 1 | M73: 1 | O73: 0.5 | T73: 0.5 | AL73: 2 | AM73: 0.5 | AP73: 1 | BB73: 0.5 | BO73: 0.5
A74: 73 | B74: Heli das | L74: 1 | BU74: 0.5
A75: 74 | B75: Cras sub | L75: 0.5 | M75: 2 | O75: 2 | P75: 2 | T75: 1 | BC75: 0.5 | BQ75: 0.5 | BT75: 0.5
A76: 75 | B76: Oxal pur | L76: 0.5
A77: 76 | B77: Zygo fle | L77: 0.5 | BF77: 0.5
A78: 77 | B78: Atha den | M78: 2 | N78: 0.5 | P78: 4 | AG78: 2 | AI78: 2
A79: 78 | B79: Otho bra | M79: 2 | N79: 0.5 | O79: 2 | P79: 3 | R79: 4 | AO79: 0.5 | AT79: 1 | AV79: 1 | AW79: 3 | BB79: 19 | BG79: 2 | BT79: 13
A80: 79 | B80: Anth spa | M80: 1 | N80: 2 | W80: 0.5 | AP80: 1 | AQ80: 3 | AV80: 0.5 | BC80: 2 | BQ80: 0.5 | BU80: 0.5
A81: 80 | B81: Rest tri | M81: 1 | S81: 0.5 | Y81: 4 | AB81: 10 | AC81: 12 | AD81: 20 | AE81: 4 | AG81: 12 | AI81: 2 | AJ81: 3 | AK81: 1 | AN81: 0.5 | BL81: 12 | BQ81: 1
A82: 81 | B82: Clut ala | M82: 0.5 | O82: 2 | P82: 1 | R82: 0.5 | T82: 2 | AA82: 0.5 | AB82: 4 | AJ82: 1 | AL82: 1 | AM82: 7 | AP82: 2 | AQ82: 3 | AR82: 1 | AS82: 1 | AT82: 1 | BC82: 1 | BL82: 4
A83: 82 | B83: Manu tom | M83: 0.5 | S83: 0.5 | T83: 1 | AG83: 4 | AJ83: 1
A84: 83 | B84: Isch ere | N84: 6 | S84: 0.5
A85: 84 | B85: Aspa sal | O85: 15 | R85: 0.5 | U85: 20 | V85: 0.5 | X85: 2 | Y85: 2 | Z85: 2 | AA85: 4 | AC85: 0.5 | AD85: 2 | AF85: 25 | AI85: 6 | AK85: 2 | AL85: 5 | AP85: 45 | AQ85: 40 | AR85: 2 | AT85: 12 | AV85: 10 | AW85: 6 | BF85: 11
A86: 85 | B86: Chon mic | O86: 10 | W86: 8 | AD86: 3 | AK86: 10 | AV86: 3
A87: 86 | B87: Disp ano | O87: 7 | P87: 5 | U87: 20 | V87: 8 | W87: 0.5 | X87: 2 | Z87: 2 | AA87: 1 | AV87: 3
A88: 87 | B88: More cor | O88: 4
A89: 88 | B89: Anth hir | O89: 3 | U89: 0.5 | X89: 0.5 | Y89: 3 | Z89: 1 | AA89: 2 | AV89: 3
A90: 89 | B90: Agat imb | O90: 2 | P90: 8 | Z90: 1 | AD90: 2 | AJ90: 2 | AR90: 1 | AS90: 1 | AT90: 0.5 | BG90: 4 | BR90: 0.5
A91: 90 | B91: Stru sal | O91: 2 | P91: 3 | R91: 0.5 | U91: 0.5 | V91: 7 | W91: 4 | X91: 4 | AA91: 0.5 | AB91: 1 | AF91: 18 | AG91: 0.5 | AI91: 4 | AL91: 0.5 | AN91: 4 | AV91: 1 | AW91: 6
A92: 91 | B92: Heli afr | O92: 1 | AT92: 1
A93: 92 | B93: Thes eup | O93: 1 | R93: 2 | AJ93: 2 | AM93: 2 | AR93: 1 | AS93: 2 | AT93: 2
A94: 93 | B94: Pela ele | O94: 0.5 | AJ94: 0.5 | AM94: 6 | AT94: 7 | BN94: 4 | BR94: 0.5
A95: 94 | B95: Wahl ten | O95: 0.5 | R95: 0.5 | U95: 0.5 | Y95: 2 | AM95: 0.5 | AT95: 1 | AV95: 0.5
A96: 95 | B96: Wats ste | O96: 0.5 | P96: 1 | AA96: 1 | AB96: 2
A97: 96 | B97: Leuc con | P97: 7 | X97: 4 | Y97: 3 | Z97: 15 | AB97: 8 | AC97: 1 | AD97: 7 | AG97: 12 | AL97: 2 | AM97: 4 | AN97: 25 | AP97: 1 | AS97: 0.5 | AT97: 1 | AV97: 5 | BE97: 30 | BF97: 8 | BL97: 15 | BN97: 0.5 | BO97: 0.5 | BP97: 25 | BS97: 16 | BT97: 10
A98: 97 | B98: Aspa den | P98: 5
A99: 98 | B99: Thes nig | P99: 5
A100: 99 | B100: Fici bul | P100: 3 | AY100: 2 | BE100: 0.5 | BG100: 0.5 | BM100: 7 | BN100: 4 | BP100: 0.5 | BT100: 7 | BU100: 4
...

Sheet matrix shape
C1: 1 | D1: 2 | E1: 3 | F1: 4 | G1: 5 | H1: 6 | I1: 7 | J1: 8 | K1: 9 | L1: 10 | M1: 11 | N1: 12 | O1: 13 | P1: 14 | Q1: 15 | R1: 16 | S1: 17 | T1: 18 | U1: 19 | V1: 20 | W1: 21 | X1: 22 | Y1: 23 | Z1: 24 | AA1: 25 | AB1: 26 | AC1: 27 | AD1: 28 | AE1: 29 | AF1: 30 | AG1: 31 | AH1: 32 | AI1: 33 | AJ1: 34 | AK1: 35 | AL1: 36 | AM1: 37 | AN1: 38 | AO1: 39 | AP1: 40 | AQ1: 41 | AR1: 42 | AS1: 43 | AT1: 44 | AU1: 45 | AV1: 46 | AW1: 47 | AX1: 48 | AY1: 49 | AZ1: 50 | BA1: 51 | BB1: 52 | BC1: 53 | BD1: 54 | BE1: 55 | BF1: 56 | BG1: 57 | BH1: 58 | BI1: 59 | BJ1: 60 | BK1: 61 | BL1: 62 | BM1: 63 | BN1: 64 | BO1: 65 | BP1: 66 | BQ1: 67 | BR1: 68 | BS1: 69 | BT1: 70 | BU1: 71
A2: 1 | B2: TREM BLH | C2: 92 | D2: 107 | E2: 55 | F2: 43 | G2: 25 | H2: 10 | I2: 15 | J2: 6 | AU2: 70 | AX2: 10 | AZ2: 98 | BA2: 110 | BJ2: 130 | BK2: 104
A3: 2 | B3: PERL BLS | C3: 21 | D3: 40 | E3: 12 | F3: 20 | G3: 10 | H3: 4 | J3: 4 | AG3: 0.5 | AJ3: 1 | AU3: 8 | AX3: 1 | AY3: 0.5 | AZ3: 40 | BA3: 7 | BJ3: 13 | BK3: 45 | BN3: 0.5 | BR3: 0.5
A4: 3 | B4: SHRH SLH | C4: 4 | D4: 20 | E4: 5 | L4: 3 | O4: 4 | AL4: 3 | AU4: 4 | AZ4: 10 | BA4: 2 | BC4: 0.5 | BJ4: 19 | BK4: 4 | BO4: 1.5 | BP4: 1.5 | BQ4: 3 | BR4: 0.5 | BT4: 1 | BU4: 2
A5: 4 | B5: GRAH GRA | C5: 4 | D5: 30 | E5: 6 | F5: 1 | G5: 2 | H5: 6 | Q5: 55 | S5: 0.5 | W5: 2 | X5: 8 | Y5: 7 | AA5: 10 | AH5: 5 | AJ5: 2 | AK5: 5 | AR5: 10 | AS5: 10 | AT5: 25 | AX5: 1 | BH5: 2 | BI5: 0.5 | BN5: 5 | BR5: 17 | BU5: 20
A6: 5 | B6: CLIM BLH | C6: 2 | D6: 0.5 | E6: 8 | F6: 3 | G6: 6 | H6: 6 | I6: 14 | J6: 33 | AA6: 0.5 | AU6: 3 | AX6: 3 | AZ6: 2 | BA6: 2 | BJ6: 8 | BK6: 2
A7: 6 | B7: GEOM BLH | C7: 3 | D7: 2 | E7: 2 | J7: 1 | AH7: 2 | BH7: 4 | BI7: 0.5 | BR7: 1
A8: 7 | B8: CLIM ERI | C8: 1 | D8: 4 | E8: 6 | F8: 0.5 | AU8: 4 | AZ8: 6 | BA8: 0.5 | BJ8: 7 | BK8: 1
A9: 8 | B9: GRAM GRA | C9: 0.5 | D9: 0.5 | E9: 8 | F9: 1 | G9: 0.5 | J9: 0.5 | K9: 25 | L9: 10 | M9: 2 | O9: 12 | P9: 2 | R9: 36 | S9: 0.5 | U9: 1.5 | V9: 4 | AA9: 5 | AC9: 2 | AD9: 2 | AI9: 16 | AJ9: 12 | AK9: 15 | AL9: 5 | AM9: 15 | AN9: 2 | AP9: 3 | AQ9: 1 | AT9: 2 | AU9: 3 | AV9: 0.5 | AX9: 1 | AZ9: 3.5 | BA9: 20 | BF9: 4 | BG9: 3 | BI9: 19 | BJ9: 27 | BK9: 12 | BL9: 5 | BO9: 20 | BQ9: 7
A10: 9 | B10: CLIM BLS | C10: 0.5 | E10: 3 | F10: 1 | G10: 2.5 | H10: 2 | I10: 4 | J10: 8.5 | AU10: 4 | BJ10: 3 | BK10: 0.5
A11: 10 | B11: PERH BLH | C11: 0.5 | M11: 0.5 | N11: 0.5 | O11: 1 | P11: 1 | Z11: 0.5 | AA11: 1 | AI11: 1 | AL11: 1 | AW11: 1 | BC11: 0.5 | BD11: 0.5 | BR11: 0.5 | BU11: 0.5
A12: 11 | B12: SHRH BLH | D12: 12 | E12: 4 | F12: 8.5 | G12: 25.5 | H12: 25 | I12: 15 | J12: 10 | K12: 4 | L12: 6 | M12: 3 | P12: 9 | R12: 2 | T12: 3 | V12: 1 | W12: 7 | X12: 29 | Y12: 33 | Z12: 55 | AA12: 6 | AB12: 8.5 | AC12: 1 | AD12: 7 | AG12: 12 | AK12: 1 | AL12: 27 | AM12: 4 | AN12: 31 | AO12: 67 | AP12: 2 | AQ12: 1.5 | AR12: 2 | AS12: 2.5 | AT12: 1 | AU12: 11 | AV12: 5 | AW12: 9 | AX12: 15 | AY12: 2 | AZ12: 0.5 | BC12: 8.5 | BD12: 5 | BE12: 30.5 | BF12: 54 | BG12: 0.5 | BH12: 0.5 | BI12: 0.5 | BJ12: 10 | BL12: 45 | BM12: 3 | BN12: 1 | BO12: 2.5 | BP12: 30.5 | BR12: 2 | BS12: 22 | BT12: 18 | BU12: 5
A13: 12 | B13: SHRH BLS | D13: 0.5 | R13: 0.5 | AU13: 3 | BH13: 0.5 | BI13: 8
A14: 13 | B14: TREH BLH | F14: 30 | G14: 30 | H14: 20 | I14: 30 | J14: 40 | AX14: 10
A15: 14 | B15: TREH BLS | F15: 16 | G15: 16 | H15: 40 | I15: 30 | J15: 20 | AX15: 40 | BH15: 11
A16: 15 | B16: XXXX XXX | F16: 7 | G16: 0.5 | J16: 0.5 | N16: 6 | P16: 5 | Q16: 1 | S16: 0.5 | AD16: 0.5 | AF16: 0.5 | AH16: 4.5 | AI16: 3 | AJ16: 1 | AM16: 1 | AR16: 1 | AS16: 6 | AT16: 1 | AU16: 0.5
A17: 16 | B17: SHRM SLS | F17: 4 | G17: 10 | H17: 2 | J17: 2 | L17: 1 | AA17: 4 | AF17: 1 | AI17: 0.5 | AJ17: 3 | AM17: 0.5 | AQ17: 4 | AR17: 0.5 | AX17: 5 | BR17: 0.5 | BU17: 1
A18: 17 | B18: PERL LNG | F18: 1.5 | G18: 0.5 | I18: 0.5 | P18: 2 | R18: 0.5 | BC18: 2 | BD18: 0.5
A19: 18 | B19: GEOL BLF | F19: 0.5 | J19: 0.5 | Y19: 1 | AB19: 1 | AC19: 0.5 | BS19: 0.5 | BT19: 0.5
A20: 19 | B20: PERH PIN | H20: 6 | AX20: 2 | AY20: 0.5 | BH20: 95
A21: 20 | B21: GRAL APH | K21: 40 | L21: 7 | M21: 30 | N21: 30 | O21: 1 | P21: 11 | R21: 12 | S21: 20 | T21: 15 | U21: 12 | V21: 0.5 | W21: 3 | X21: 4 | Y21: 2 | Z21: 2 | AA21: 2 | AB21: 8 | AC21: 8 | AE21: 0.5 | AI21: 2.5 | AJ21: 2 | AK21: 10 | AM21: 16 | AR21: 17 | AS21: 3 | AT21: 9 | AV21: 3 | AW21: 12 | BD21: 3 | BE21: 1 | BG21: 10 | BM21: 35 | BN21: 1 | BR21: 0.5 | BT21: 10
A22: 21 | B22: SHRM ERI | K22: 34 | L22: 29.5 | M22: 40 | N22: 63 | O22: 11.5 | P22: 17 | Q22: 23.5 | R22: 7 | S22: 32.5 | T22: 43 | U22: 12 | V22: 28 | W22: 34.5 | X22: 8 | Z22: 0.5 | AA22: 5 | AB22: 3 | AC22: 17 | AD22: 29.5 | AE22: 3 | AF22: 7 | AG22: 6.5 | AI22: 2 | AJ22: 0.5 | AK22: 3 | AL22: 4.5 | AM22: 8 | AN22: 15 | AO22: 4.5 | AP22: 16 | AQ22: 25 | AR22: 4 | AS22: 3.5 | AT22: 5 | AV22: 6.5 | AW22: 16 | AY22: 4.5 | BB22: 65 | BC22: 91 | BD22: 66 | BE22: 3.5 | BF22: 33.5 | BG22: 10 | BL22: 38 | BM22: 6.5 | BN22: 19 | BO22: 23 | BP22: 51.5 | BQ22: 9 | BR22: 7 | BS22: 43.5 | BT22: 37.5 | BU22: 27.5
A23: 22 | B23: GRAL GRA | K23: 21 | L23: 4 | M23: 0.5 | N23: 0.5 | O23: 3 | P23: 3.5 | Q23: 9 | R23: 10 | S23: 2.5 | T23: 1 | U23: 1.5 | V23: 18 | W23: 11 | X23: 0.5 | Y23: 6 | Z23: 3 | AA23: 6 | AB23: 1 | AC23: 4 | AD23: 11 | AE23: 2 | AG23: 6 | AI23: 1.5 | AJ23: 2 | AK23: 6 | AL23: 4 | AM23: 16 | AN23: 1 | AP23: 9 | AQ23: 1 | AR23: 4 | AS23: 5.5 | AT23: 5 | AV23: 2 | AW23: 7 | AY23: 22 | AZ23: 0.5 | BB23: 18 | BC23: 12.5 | BD23: 30 | BE23: 1.5 | BG23: 5 | BM23: 9 | BN23: 12 | BO23: 5 | BP23: 20.5 | BR23: 11 | BT23: 23 | BU23: 10.5
A24: 23 | B24: CLIM APH | K24: 10 | M24: 1 | N24: 10 | T24: 2 | U24: 1 | AD24: 2 | AL24: 3 | AW24: 6 | BF24: 18 | BI24: 0.5 | BL24: 1 | BP24: 14 | BS24: 1 | BT24: 4
A25: 24 | B25: SHRH ERI | K25: 8 | L25: 1 | M25: 10 | N25: 15 | O25: 1 | P25: 7 | R25: 0.5 | S25: 20 | T25: 20 | V25: 2 | W25: 6 | Y25: 4 | AA25: 2 | AB25: 25 | AC25: 20 | AD25: 6 | AE25: 8 | AF25: 15 | AG25: 4.5 | AI25: 15 | AK25: 8 | AL25: 19 | AN25: 8 | AT25: 1 | AV25: 3 | AW25: 20 | AY25: 6 | BB25: 20 | BE25: 2.5 | BG25: 0.5 | BM25: 2 | BT25: 16
A26: 25 | B26: SHRD ERI | K26: 11.5 | L26: 1.5 | M26: 2.5 | O26: 29 | P26: 2 | Q26: 1 | R26: 13 | S26: 15 | T26: 6.5 | U26: 22 | V26: 0.5 | W26: 0.5 | X26: 2.5 | Y26: 2 | Z26: 2 | AA26: 6 | AB26: 5 | AC26: 1.5 | AD26: 4 | AE26: 48 | AF26: 52 | AG26: 28 | AI26: 11.5 | AJ26: 25 | AK26: 5 | AL26: 12 | AM26: 45.5 | AP26: 48 | AQ26: 45.5 | AR26: 14.5 | AS26: 12.5 | AT26: 39.5 | AV26: 31 | AW26: 6 | BB26: 10 | BC26: 1 | BD26: 6 | BE26: 6.5 | BF26: 11 | BG26: 17 | BI26: 0.5 | BL26: 4.5 | BM26: 23 | BN26: 17 | BO26: 0.5 | BP26: 7 | BQ26: 65.5 | BR26: 8 | BS26: 20 | BT26: 4 | BU26: 1
A27: 26 | B27: SHRL SLH | K27: 7 | AD27: 1 | AJ27: 0.5 | AL27: 2 | AO27: 2 | AP27: 3 | AQ27: 2 | AR27: 1 | AS27: 1 | BD27: 4
A28: 27 | B28: SHRL ERI | K28: 11.5 | L28: 17.5 | M28: 7.5 | N28: 2.5 | O28: 18 | P28: 20 | Q28: 0.5 | R28: 6 | S28: 9 | T28: 12 | U28: 22.5 | V28: 15.5 | W28: 7 | X28: 6 | Y28: 4.5 | Z28: 4 | AA28: 17.5 | AB28: 19.5 | AC28: 13 | AD28: 7.5 | AE28: 6 | AF28: 24 | AG28: 4.5 | AI28: 36 | AJ28: 23 | AK28: 7 | AL28: 1 | AM28: 18 | AN28: 10 | AO28: 10 | AP28: 2.5 | AQ28: 2 | AR28: 7 | AS28: 28 | AT28: 8.5 | AV28: 6 | AW28: 18 | AY28: 3.5 | BB28: 12 | BC28: 14.5 | BD28: 10.5 | BE28: 59.5 | BF28: 20 | BG28: 17 | BI28: 0.5 | BL28: 19 | BM28: 22 | BN28: 15 | BP28: 7 | BQ28: 35.5 | BR28: 31 | BS28: 21 | BT28: 9 | BU28: 10
A29: 28 | B29: GRAM APH | K29: 4 | M29: 1 | Q29: 25 | S29: 0.5 | U29: 55 | V29: 10 | W29: 5 | X29: 25 | Y29: 39 | Z29: 30 | AB29: 10 | AC29: 12 | AD29: 23 | AE29: 4 | AG29: 20 | AI29: 16 | AJ29: 18 | AK29: 1 | AL29: 20 | AM29: 3 | AN29: 0.5 | AO29: 0.5 | AR29: 2 | AT29: 4 | AV29: 25 | AY29: 25 | BC29: 7 | BE29: 10 | BF29: 3 | BG29: 1 | BL29: 15 | BN29: 4 | BO29: 2 | BP29: 14 | BQ29: 7 | BR29: 5 | BS29: 5
A30: 29 | B30: CLIM NED | K30: 3 | S30: 1 | T30: 0.5 | AJ30: 0.5 | BB30: 0.5
A31: 30 | B31: SHRD SLH | K31: 2 | N31: 0.5 | P31: 2 | R31: 0.5 | V31: 3 | W31: 2 | AQ31: 0.5 | AV31: 0.5 | AY31: 0.5 | BC31: 0.5 | BO31: 0.5
A32: 31 | B32: SHRM BLH | K32: 2.5 | L32: 40 | M32: 2 | N32: 21 | O32: 1 | P32: 0.5 | R32: 1 | S32: 5 | T32: 15 | Y32: 8 | AA32: 3 | AC32: 16 | AD32: 4.5 | AE32: 33 | AF32: 2.5 | AG32: 8 | AH32: 60 | AI32: 15 | AJ32: 18 | AK32: 1 | AL32: 8 | AM32: 6 | AN32: 14 | AO32: 11 | AQ32: 2 | AR32: 9 | AS32: 2 | AT32: 6 | AY32: 1 | BB32: 1 | BC32: 6.5 | BL32: 0.5 | BM32: 1.5 | BN32: 19 | BO32: 23.5 | BP32: 7 | BQ32: 4 | BR32: 14.5 | BS32: 14 | BT32: 11 | BU32: 2
A33: 32 | B33: GEOL BLS | K33: 2 | L33: 0.5 | M33: 0.5 | N33: 0.5 | O33: 1 | P33: 6 | R33: 2.5 | T33: 0.5 | V33: 0.5 | Z33: 2 | AA33: 1 | AF33: 1 | AI33: 3 | AJ33: 3 | AR33: 1 | AS33: 1 | BG33: 1 | BS33: 0.5 | BT33: 1
A34: 33 | B34: SHRD SLS | K34: 2 | M34: 3 | N34: 4 | O34: 2 | P34: 2 | R34: 1 | S34: 2 | T34: 2 | U34: 1 | W34: 2 | X34: 0.5 | Y34: 4 | AA34: 35 | AD34: 1 | AI34: 2 | AJ34: 1 | AK34: 4 | AV34: 1 | AY34: 0.5 | BD34: 0.5 | BE34: 2 | BG34: 2 | BM34: 0.5 | BP34: 1 | BS34: 0.5 | BT34: 2
A35: 34 | B35: PERM LNG | K35: 2 | O35: 1 | P35: 1 | R35: 2 | S35: 2 | T35: 1 | AF35: 2 | AG35: 4 | AI35: 4 | AJ35: 0.5 | AL35: 2 | AN35: 0.5 | AT35: 0.5 | BG35: 1
A36: 35 | B36: SHRD RED | K36: 1 | O36: 3 | P36: 5 | R36: 8 | T36: 2 | AD36: 3 | AK36: 0.5 | AL36: 2 | AQ36: 2 | AR36: 0.5 | AT36: 2
A37: 36 | B37: ANNL XXX | K37: 1 | L37: 1 | O37: 1
A38: 37 | B38: ANNL BLS | K38: 1 | P38: 4 | AR38: 0.5 | AY38: 1
A39: 38 | B39: PERL BLF | K39: 0.5 | O39: 0.5 | P39: 2 | W39: 0.5 | AA39: 0.5 | AB39: 1 | AD39: 0.5 | AK39: 2 | AO39: 0.5 | AQ39: 0.5 | AT39: 0.5 | BB39: 3 | BE39: 2 | BF39: 0.5 | BN39: 0.5 | BO39: 0.5 | BP39: 7 | BQ39: 11 | BT39: 1 | BU39: 0.5
A40: 39 | B40: PERL SLF | K40: 0.5 | P40: 1 | AA40: 0.5 | AK40: 2 | BT40: 2
A41: 40 | B41: SHRD BLH | K41: 0.5 | L41: 1 | M41: 1 | N41: 2 | O41: 3 | R41: 4 | S41: 1 | T41: 0.5 | U41: 1 | V41: 5 | W41: 2 | X41: 3 | Y41: 0.5 | Z41: 0.5 | AA41: 2 | AC41: 2 | AD41: 4 | AE41: 2.5 | AF41: 3 | AG41: 11 | AI41: 2.5 | AJ41: 4 | AK41: 4 | AL41: 0.5 | AM41: 2 | AN41: 4 | AO41: 0.5 | AP41: 1 | AQ41: 0.5 | AR41: 3 | AS41: 4 | AW41: 3 | AY41: 0.5 | BB41: 0.5 | BC41: 3 | BD41: 3 | BE41: 0.5 | BF41: 0.5 | BG41: 0.5 | BI41: 80 | BL41: 2 | BM41: 2 | BO41: 11 | BP41: 0.5 | BQ41: 16 | BR41: 0.5 | BS41: 13.5 | BT41: 1 | BU41: 12
A42: 41 | B42: SHRD PIN | K42: 0.5 | O42: 0.5 | S42: 3 | T42: 1 | AA42: 1.5 | AB42: 1 | AD42: 0.5 | AJ42: 0.5 | AM42: 3 | AN42: 0.5 | AR42: 3 | AS42: 1 | AT42: 2 | AW42: 2 | BB42: 0.5 | BE42: 0.5 | BG42: 0.5 | BL42: 2 | BM42: 2 | BO42: 0.5 | BR42: 1 | BT42: 1
A43: 42 | B43: GRAH APH | L43: 8 | M43: 2 | AB43: 3 | AD43: 2 | AM43: 2 | AN43: 15 | AO43: 2 | AP43: 1 | AQ43: 10 | AS43: 0.5 | BB43: 8 | BC43: 11 | BE43: 4 | BF43: 8 | BL43: 6 | BM43: 2 | BN43: 3 | BO43: 9 | BP43: 4 | BR43: 3 | BS43: 3 | BT43: 21
A44: 43 | B44: SHRM SLH | L44: 4 | M44: 2 | N44: 0.5 | O44: 2 | P44: 3 | R44: 4 | AO44: 2.5 | AT44: 1 | AV44: 1 | AW44: 3 | BB44: 19 | BF44: 10 | BG44: 2 | BT44: 13
A45: 44 | B45: SHRD BLF | L45: 3 | P45: 1 | AI45: 0.5 | AM45: 5 | AR45: 2 | AT45: 3.5 | BR45: 1
A46: 45 | B46: SHRL SLS | L46: 1 | M46: 1 | O46: 0.5 | T46: 0.5 | AH46: 15 | AL46: 2 | AM46: 0.5 | AP46: 1 | BB46: 0.5 | BI46: 2 | BO46: 0.5
A47: 46 | B47: GEOL ERI | L47: 0.5 | BF47: 0.5 | BO47: 0.5 | BQ47: 0.5
A48: 47 | B48: SHRL SLF | L48: 0.5 | BF48: 0.5
A49: 48 | B49: PERM XXX | M49: 0.5 | S49: 0.5 | T49: 1 | AG49: 4 | AJ49: 1
A50: 49 | B50: XXXX APH | O50: 10 | W50: 8 | AD50: 3 | AK50: 10 | AV50: 3
A51: 50 | B51: SHRM XXX | O51: 3 | U51: 0.5 | X51: 0.5 | Y51: 3 | Z51: 1 | AA51: 2 | AV51: 3
A52: 51 | B52: ANNH LNG | O52: 1 | AT52: 1
A53: 52 | B53: PERL BLH | O53: 0.5 | AJ53: 4.5 | AM53: 6 | AR53: 4 | AT53: 9 | BN53: 10.5 | BR53: 1 | BS53: 0.5
A54: 53 | B54: GEOL BLH | O54: 0.5 | P54: 1 | AA54: 1 | AB54: 2 | AG54: 0.5 | AJ54: 1 | AM54: 0.5 | AP54: 0.5 | AV54: 1
A55: 54 | B55: SHRL BLH | P55: 3 | V55: 20 | W55: 25 | Z55: 1 | AA55: 6 | AB55: 20 | AC55: 12 | AE55: 3 | AG55: 15 | AI55: 7 | AJ55: 2 | AK55: 10 | AL55: 3 | AM55: 1 | AN55: 2 | AR55: 9 | AS55: 10 | BD55: 6 | BN55: 9.5 | BR55: 9 | BS55: 0.5 | BU55: 5.5
A56: 55 | B56: SHRD SLF | P56: 1 | R56: 2 | AD56: 1
A57: 56 | B57: PERL PIN | Q57: 14 | AL57: 0.5 | AU57: 2 | AX57: 0.5 | AY57: 3.5 | BD57: 1 | BO57: 0.5
A58: 57 | B58: PERL ERI | Q58: 0.5 | W58: 0.5 | Z58: 1 | AA58: 0.5
A59: 58 | B59: SHRD LNG | Q59: 0.5 | X59: 0.5 | AA59: 2 | AD59: 2 | AF59: 2 | AJ59: 1 | AR59: 0.5 | BN59: 0.5 | BO59: 3 | BQ59: 0.5 | BU59: 0.5
A60: 59 | B60: SHRL BLS | V60: 5
A61: 60 | B61: PERL GRA | V61: 1 | AA61: 0.5 | AR61: 2 | AT61: 1 | BN61: 0.5 | BR61: 3
A62: 61 | B62: ANNM SLS | W62: 2 | AJ62: 2
A63: 62 | B63: SHRD BLS | Y63: 0.5 | AM63: 2 | AP63: 1 | AQ63: 1 | AT63: 1 | AY63: 5.5
A64: 63 | B64: ANNL ERI | AA64: 1 | AP64: 2 | AY64: 0.5 | BB64: 0.5 | BC64: 0.5
A65: 64 | B65: SHRL PIN | AH65: 8 | BD65: 0.5 | BI65: 7.5
A66: 65 | B66: GEOM XXX | AI66: 0.5 | AT66: 0.5
A67: 66 | B67: PERM ERI | AJ67: 1
A68: 67 | B68: SHRD XXX | AJ68: 0.5
A69: 68 | B69: ANNL SLS | AL69: 1 | AY69: 2.5 | BC69: 2 | BD69: 10 | BG69: 0.5
A70: 69 | B70: GEOH BLS | AL70: 1.5
A71: 70 | B71: PERM SLH | AM71: 15 | AP71: 4 | AQ71: 4
A72: 71 | B72: PERM BLH | AR72: 1 | AS72: 2 | BN72: 2
A73: 72 | B73: ANNL PIN | AT73: 1 | BG73: 0.5
A74: 73 | B74: SHRL NED | AV74: 1 | BI74: 0.5
A75: 74 | B75: PERM BLS | AY75: 1 | BC75: 2
A76: 75 | B76: SHRM BLS | AZ76: 0.5
A77: 76 | B77: XXXX BLS | BF77: 0.5
A78: 77 | B78: PERL SLS | BL78: 3
A79: 78 | B79: GEOM BLF | BM79: 1 | BP79: 2 | BT79: 0.5
A80: 79 | B80: PERL APH | BR80: 0.5

Sheet floristic statistics
G2: red data species
B3: Number of indigenous taxa | E3: 661 | G3: Endemic | I3: End | J3: =COUNTIF(flora!$Q$3:$Q$663,I3) -> 2
B4: Number of introduced taxa | E4: 43 | G4: Endangered | I4: E | J4: =COUNTIF(flora!$Q$3:$Q$663,I4) -> 2
B5: Total number of taxa | E5: =SUM(E3:E4) -> 704 | G5: Vulnerable | I5: V | J5: =COUNTIF(flora!$Q$3:$Q$663,I5) -> 3
G6: Rare | I6: R | J6: =COUNTIF(flora!$Q$3:$Q$663,I6) -> 9
B7: Herbarium taxa from reserve | E7: =COUNTIF(flora!T3:T663,"1") -> 579 | G7: Indeterminate | I7: I | J7: =COUNTIF(flora!$Q$3:$Q$663,I7) -> 5
B8: Herbarium taxa not from reserve | E8: 107 | G8: Insufficiently Known | I8: K | J8: =COUNTIF(flora!$Q$3:$Q$663,I8) -> 9
B9: Total number of taxa in herbarium | E9: =SUM(E7:E8) -> 686 | G9: Not threatened | I9: nt | J9: =COUNTIF(flora!$Q$3:$Q$663,I9) -> 21
G10: Total number of red data species | J10: =SUM(J3:J9) -> 51
B12: identified species
B13: 1997 | C13: 1998 | D13: 1999 | E13: 2000 | F13: 2001 | G13: 2002 | H13: 2003 | I13: 2004 | J13: 2005 | K13: Total
A14: January | B14: =COUNTIF(flora!$R$3:$R$663,B48) -> 4 | C14: =COUNTIF(flora!$R$3:$R$663,C48) -> 18 | D14: =COUNTIF(flora!$R$3:$R$663,D48) -> 11 | E14: =COUNTIF(flora!$R$3:$R$663,E48) -> 0 | F14: =COUNTIF(flora!$R$3:$R$663,F48) -> 16 | G14: =COUNTIF(flora!$R$3:$R$663,G48) -> 11 | H14: =COUNTIF(flora!$R$3:$R$663,H48) -> 0 | I14: =COUNTIF(flora!$R$3:$R$663,I48) -> 0 | J14: =COUNTIF(flora!$R$3:$R$663,J48) -> 0 | K14: =SUM(B14:J14) -> 60
A15: February | B15: =COUNTIF(flora!$R$3:$R$663,B49) -> 1 | C15: =COUNTIF(flora!$R$3:$R$663,C49) -> 0 | D15: =COUNTIF(flora!$R$3:$R$663,D49) -> 3 | E15: =COUNTIF(flora!$R$3:$R$663,E49) -> 0 | F15: =COUNTIF(flora!$R$3:$R$663,F49) -> 11 | G15: =COUNTIF(flora!$R$3:$R$663,G49) -> 1 | H15: =COUNTIF(flora!$R$3:$R$663,H49) -> 0 | I15: =COUNTIF(flora!$R$3:$R$663,I49) -> 2 | J15: =COUNTIF(flora!$R$3:$R$663,J49) -> 0 | K15: =SUM(B15:J15) -> 18
A16: March | B16: =COUNTIF(flora!$R$3:$R$663,B50) -> 4 | C16: =COUNTIF(flora!$R$3:$R$663,C50) -> 19 | D16: =COUNTIF(flora!$R$3:$R$663,D50) -> 1 | E16: =COUNTIF(flora!$R$3:$R$663,E50) -> 8 | F16: =COUNTIF(flora!$R$3:$R$663,F50) -> 4 | G16: =COUNTIF(flora!$R$3:$R$663,G50) -> 12 | H16: =COUNTIF(flora!$R$3:$R$663,H50) -> 0 | I16: =COUNTIF(flora!$R$3:$R$663,I50) -> 1 | J16: =COUNTIF(flora!$R$3:$R$663,J50) -> 0 | K16: =SUM(B16:J16) -> 49
A17: April | B17: =COUNTIF(flora!$R$3:$R$663,B51) -> 0 | C17: =COUNTIF(flora!$R$3:$R$663,C51) -> 20 | D17: =COUNTIF(flora!$R$3:$R$663,D51) -> 3 | E17: =COUNTIF(flora!$R$3:$R$663,E51) -> 4 | F17: =COUNTIF(flora!$R$3:$R$663,F51) -> 0 | G17: =COUNTIF(flora!$R$3:$R$663,G51) -> 2 | H17: =COUNTIF(flora!$R$3:$R$663,H51) -> 0 | I17: =COUNTIF(flora!$R$3:$R$663,I51) -> 0 | J17: =COUNTIF(flora!$R$3:$R$663,J51) -> 0 | K17: =SUM(B17:J17) -> 29
A18: May | B18: =COUNTIF(flora!$R$3:$R$663,B52) -> 2 | C18: =COUNTIF(flora!$R$3:$R$663,C52) -> 2 | D18: =COUNTIF(flora!$R$3:$R$663,D52) -> 7 | E18: =COUNTIF(flora!$R$3:$R$663,E52) -> 0 | F18: =COUNTIF(flora!$R$3:$R$663,F52) -> 6 | G18: =COUNTIF(flora!$R$3:$R$663,G52) -> 0 | H18: =COUNTIF(flora!$R$3:$R$663,H52) -> 2 | I18: =COUNTIF(flora!$R$3:$R$663,I52) -> 2 | J18: =COUNTIF(flora!$R$3:$R$663,J52) -> 0 | K18: =SUM(B18:J18) -> 21
A19: June | B19: =COUNTIF(flora!$R$3:$R$663,B53) -> 1 | C19: =COUNTIF(flora!$R$3:$R$663,C53) -> 25 | D19: =COUNTIF(flora!$R$3:$R$663,D53) -> 2 | E19: =COUNTIF(flora!$R$3:$R$663,E53) -> 0 | F19: =COUNTIF(flora!$R$3:$R$663,F53) -> 0 | G19: =COUNTIF(flora!$R$3:$R$663,G53) -> 2 | H19: =COUNTIF(flora!$R$3:$R$663,H53) -> 0 | I19: =COUNTIF(flora!$R$3:$R$663,I53) -> 1 | J19: =COUNTIF(flora!$R$3:$R$663,J53) -> 0 | K19: =SUM(B19:J19) -> 31
A20: July | B20: =COUNTIF(flora!$R$3:$R$663,B54) -> 299 | C20: =COUNTIF(flora!$R$3:$R$663,C54) -> 0 | D20: =COUNTIF(flora!$R$3:$R$663,D54) -> 0 | E20: =COUNTIF(flora!$R$3:$R$663,E54) -> 0 | F20: =COUNTIF(flora!$R$3:$R$663,F54) -> 9 | G20: =COUNTIF(flora!$R$3:$R$663,G54) -> 0 | H20: =COUNTIF(flora!$R$3:$R$663,H54) -> 0 | I20: =COUNTIF(flora!$R$3:$R$663,I54) -> 0 | J20: =COUNTIF(flora!$R$3:$R$663,J54) -> 0 | K20: =SUM(B20:J20) -> 308
A21: August | B21: =COUNTIF(flora!$R$3:$R$663,B55) -> 1 | C21: =COUNTIF(flora!$R$3:$R$663,C55) -> 1 | D21: =COUNTIF(flora!$R$3:$R$663,D55) -> 0 | E21: =COUNTIF(flora!$R$3:$R$663,E55) -> 0 | F21: =COUNTIF(flora!$R$3:$R$663,F55) -> 0 | G21: =COUNTIF(flora!$R$3:$R$663,G55) -> 0 | H21: =COUNTIF(flora!$R$3:$R$663,H55) -> 0 | I21: =COUNTIF(flora!$R$3:$R$663,I55) -> 0 | J21: =COUNTIF(flora!$R$3:$R$663,J55) -> 0 | K21: =SUM(B21:J21) -> 2
A22: September | B22: =COUNTIF(flora!$R$3:$R$663,B56) -> 0 | C22: =COUNTIF(flora!$R$3:$R$663,C56) -> 7 | D22: =COUNTIF(flora!$R$3:$R$663,D56) -> 4 | E22: =COUNTIF(flora!$R$3:$R$663,E56) -> 4 | F22: =COUNTIF(flora!$R$3:$R$663,F56) -> 3 | G22: =COUNTIF(flora!$R$3:$R$663,G56) -> 7 | H22: =COUNTIF(flora!$R$3:$R$663,H56) -> 0 | I22: =COUNTIF(flora!$R$3:$R$663,I56) -> 3 | J22: =COUNTIF(flora!$R$3:$R$663,J56) -> 0 | K22: =SUM(B22:J22) -> 28
A23: October | B23: =COUNTIF(flora!$R$3:$R$663,B57) -> 2 | C23: =COUNTIF(flora!$R$3:$R$663,C57) -> 12 | D23: =COUNTIF(flora!$R$3:$R$663,D57) -> 4 | E23: =COUNTIF(flora!$R$3:$R$663,E57) -> 3 | F23: =COUNTIF(flora!$R$3:$R$663,F57) -> 9 | G23: =COUNTIF(flora!$R$3:$R$663,G57) -> 10 | H23: =COUNTIF(flora!$R$3:$R$663,H57) -> 0 | I23: =COUNTIF(flora!$R$3:$R$663,I57) -> 1 | J23: =COUNTIF(flora!$R$3:$R$663,J57) -> 0 | K23: =SUM(B23:J23) -> 41
A24: November | B24: =COUNTIF(flora!$R$3:$R$663,B58) -> 4 | C24: =COUNTIF(flora!$R$3:$R$663,C58) -> 3 | D24: =COUNTIF(flora!$R$3:$R$663,D58) -> 3 | E24: =COUNTIF(flora!$R$3:$R$663,E58) -> 4 | F24: =COUNTIF(flora!$R$3:$R$663,F58) -> 2 | G24: =COUNTIF(flora!$R$3:$R$663,G58) -> 5 | H24: =COUNTIF(flora!$R$3:$R$663,H58) -> 0 | I24: =COUNTIF(flora!$R$3:$R$663,I58) -> 1 | J24: =COUNTIF(flora!$R$3:$R$663,J58) -> 0 | K24: =SUM(B24:J24) -> 22
A25: December | B25: =COUNTIF(flora!$R$3:$R$663,B59) -> 0 | C25: =COUNTIF(flora!$R$3:$R$663,C59) -> 8 | D25: =COUNTIF(flora!$R$3:$R$663,D59) -> 1 | E25: =COUNTIF(flora!$R$3:$R$663,E59) -> 22 | F25: =COUNTIF(flora!$R$3:$R$663,F59) -> 4 | G25: =COUNTIF(flora!$R$3:$R$663,G59) -> 3 | H25: =COUNTIF(flora!$R$3:$R$663,H59) -> 0 | I25: =COUNTIF(flora!$R$3:$R$663,I59) -> 0 | J25: =COUNTIF(flora!$R$3:$R$663,J59) -> 0 | K25: =SUM(B25:J25) -> 38
A26: Unknown | K26: =COUNTBLANK(flora!R3:R663) -> 14
A27: Total | B27: =SUM(B14:B26) -> 318 | C27: =SUM(C14:C26) -> 115 | D27: =SUM(D14:D26) -> 39 | E27: =SUM(E14:E26) -> 45 | F27: =SUM(F14:F26) -> 64 | G27: =SUM(G14:G26) -> 53 | H27: =SUM(H14:H26) -> 2 | I27: =SUM(I14:I26) -> 11 | ... K27: =SUM(K14:K26) -> 661
B48: 35431 | C48: 35796 | D48: 36161 | E48: 36526 | F48: 36892 | G48: 37257 | H48: 37622 | I48: 37987 | J48: 38353
B49: 35462 | C49: 35827 | D49: 36192 | E49: 36557 | F49: 36923 | G49: 37288 | H49: 37653 | I49: 38018 | J49: 38384
B50: 35490 | C50: 35855 | D50: 36220 | E50: 36586 | F50: 36951 | G50: 37316 | H50: 37681 | I50: 38047 | J50: 38412
B51: 35521 | C51: 35886 | D51: 36251 | E51: 36617 | F51: 36982 | G51: 37347 | H51: 37712 | I51: 38078 | J51: 38443
B52: 35551 | C52: 35916 | D52: 36281 | E52: 36647 | F52: 37012 | G52: 37377 | H52: 37742 | I52: 38108 | J52: 38473
B53: 35582 | C53: 35947 | D53: 36312 | E53: 36678 | F53: 37043 | G53: 37408 | H53: 37773 | I53: 38139 | J53: 38504
B54: 35612 | C54: 35977 | D54: 36342 | E54: 36708 | F54: 37073 | G54: 37438 | H54: 37803 | I54: 38169 | J54: 38534
B55: 35643 | C55: 36008 | D55: 36373 | E55: 36739 | F55: 37104 | G55: 37469 | H55: 37834 | I55: 38200 | J55: 38565
B56: 35674 | C56: 36039 | D56: 36404 | E56: 36770 | F56: 37135 | G56: 37500 | H56: 37865 | I56: 38231 | J56: 38596
B57: 35704 | C57: 36069 | D57: 36434 | E57: 36800 | F57: 37165 | G57: 37530 | H57: 37895 | I57: 38261 | J57: 38626
B58: 35735 | C58: 36100 | D58: 36465 | E58: 36831 | F58: 37196 | G58: 37561 | H58: 37926 | I58: 38292 | J58: 38657
B59: 35765 | C59: 36130 | D59: 36495 | E59: 36861 | F59: 37226 | G59: 37591 | H59: 37956 | I59: 38322 | J59: 38687

Sheet community statistics (1)
A1: Nr. | B1: formation | C1: releves | D1: spots | E1: total species number | F1: average
F2: a-diversity | G2: total cover | H2: g-diversity
A3: 1 | B3: Milkwood Scrub Forest | C3: 8 | E3: 24 | F3: 11 | G3: 156.75 | H3: 54.166667 | I3: 0 (0)
A4: 2 | B4: Afromontane Forest | C4: 6 | E4: 23 | F4: 13.166667 | G4: 118.25 | H4: 42.753623 | I4: 0 (0)
A5: 3 | B5: Dune Asteraceous Fynbos | C5: 19 | E5: 157 | F5: 27.736842 | G5: 119.10526 | H5: 82.333222 | I5: 5 (1)
A6: 4 | B6: Neutral Sand Proteoid Fynbos | C6: 7 | E6: 89 | F6: 25.714286 | G6: 113.35714 | H6: 71.107544 | I6: 3 (0)
A7: 5 | B7: Dune Asteraceous Fynbos (disturbed) | C7: 1 | E7: 18 | F7: 18 | G7: 130 | H7: 0 | I7: 0 (0)
A8: 6 | B8: Thamnochortus fraternus Restioid Fynbos | C8: 7 | E8: 54 | F8: 19.857143 | G8: 108.42857 | H8: 63.227513 | I8: 1 (1)
A9: 7 | B9: Acid Sand Proteoid Fynbos | C9: 5 | E9: 91 | F9: 30.6 | G9: 119.5 | H9: 66.373626 | I9: 3 (0)
A10: 8 | B10: Transitional Proteoid Fynbos | C10: 3 | E10: 82 | F10: 37.666667 | G10: 141.5 | H10: 54.065041 | I10: 2 (0)
A11: 9 | B11: True Wetland | C11: 2 | E11: 17 | F11: 11 | G11: 107.25 | H11: 35.294118 | I11: 1 (1)
A12: 10 | B12: Acid Sand Fynbos (post-fire regenerating) | C12: 3 | E12: 81 | F12: 44 | G12: 107.16667 | H12: 45.679012 | I12: 2 (0)
A13: 11 | B13: Protea repens Proteoid Fynbos | C13: 3 | E13: 36 | F13: 19 | G13: 135.16667 | H13: 47.222222 | I13: 0 (0)
A14: 12 | B14: Erica coccinea Ericoid Fynbos | C14: 1 | E14: 21 | F14: 21 | G14: 146.5 | H14: 0 | I14: 0 (0)
... A18: 16 | B18: Erica sessiliflora Ericaceous Fynbos | C18: 1 | E18: 22 | F18: 22 | G18: 145.5 | H18: 0 | I18: 0 (0)

Sheet community statistics (2)
A1: Milkwood Scrub Forest (8 releves) | F1: Afromontane Forest (6 releves) | K1: Dune Asteraceous Fynbos (19 releves) | P1: Neutral Sand Proteoid Fynbos (7 releves) | U1: Dune Asteraceous Fynbos (disturbed) (1 releves) | Z1: Thamnochortus fraternus Restioid Fynbos (7 releves) | AE1: Acid Sand Proteoid Fynbos (5 releves) | AJ1: Transitional Proteoid Fynbos (3 releves) | AO1: True Wetland (2 releves) | AT1: Acid Sand Fynbos (post-fire regenerating) (3 releves) | AY1: Protea repens Proteoid Fynbos (3 releves) | BD1: Erica coccinea Ericoid Fynbos (1 releves) | BI1: Pteris dentata Fernland (1 releves) | BN1: Protea obtusifolia Proteoid Fynbos (3 releves) | BS1: Protea repens Proteoid Fynbos (post-fire regenerating) (1 releves) | BX1: Erica sessiliflora Ericaceous Fynbos (1 releves)
C2: a | D2: b | H2: a | I2: b | M2: a | N2: b | R2: a | S2: b | W2: a | X2: b | AB2: a | AC2: b | AG2: a | AH2: b | AL2: a | AM2: b | AQ2: a | AR2: b | AV2: a | AW2: b | BA2: a | BB2: b | BF2: a | BG2: b | BK2: a | BL2: b | BP2: a | BQ2: b | BU2: a | BV2: b | BZ2: a | CA2: b
A3: 1 | B3: Sideroxylon inerme | C3: 100 | D3: 73.75 | F3: 1 | G3: Rapanea melanophloeos | H3: 100 | I3: 26.666667 | K3: 1 | L3: Ischyrolepis eleocharis | M3: 68.421053 | N3: 11.789474 | P3: 1 | Q3: Leucadendron coniferum | R3: 100 | S3: 11.428571 | U3: 1 | V3: Ehrharta villosa | W3: 100 | X3: 55 | Z3: 1 | AA3: Thamnochortus fraternus | AB3: 100 | AC3: 26.428571 | AE3: 1 | AF3: Erica glabella | AG3: 80 | AH3: 14.9 | AJ3: 1 | AK3: Aspalathus pycnantha | AL3: 66.666667 | AM3: 12.333333 | AO3: 1 | AP3: Cliffortia ferruginea | AQ3: 50 | AR3: 40 | AT3: 1 | AU3: Aspalathus ciliaris | AV3: 100 | AW3: 9.3333333 | AY3: 1 | AZ3: Protea repens | BA3: 100 | BB3: 46.666667 | BD3: 1 | BE3: Erica coccinea var. (yellow) | BF3: 100 | BG3: 55 | BI3: 1 | BJ3: Pteris dentata | BK3: 100 | BL3: 95 | BN3: 1 | BO3: Erica irregularis | BP3: 66.666667 | BQ3: 13.333333 | BS3: 1 | BT3: Aspalathus microphylla | BU3: 100 | BV3: 65 | BX3: 1 | BY3: Passerina vulgaris | BZ3: 100 | CA3: 23
A4: 2 | B4: Droguetia iners | C4: 100 | D4: 23.25 | F4: 2 | G4: Kiggelaria africana | H4: 83.333333 | I4: 19.5 | K4: 2 | L4: Erica irregularis | M4: 47.368421 | N4: 7.5263158 | P4: 2 | Q4: Erica lineata | R4: 71.428571 | S4: 11.071429 | U4: 2 | V4: Hypodiscus willdenowia | W4: 100 | X4: 25 | Z4: 2 | AA4: Protea obtusifolia | AB4: 57.142857 | AC4: 13.642857 | AE4: 2 | AF4: Erica magnisylvae | AG4: 60 | AH4: 7.6 | AJ4: 2 | AK4: Pseudopentameris macrantha | AL4: 33.333333 | AM4: 8.3333333 | AO4: 2 | AP4: Senecio halimifolius | AQ4: 50 | AR4: 30 | AT4: 2 | AU4: Pseudopentameris macrantha | AV4: 100 | AW4: 7.3333333 | AY4: 2 | AZ4: Cliffortia ilicifolia | BA4: 66.666667 | BB4: 11.666667 | BD4: 2 | BE4: Tetraria cuspidata | BF4: 100 | BG4: 30 | BI4: 2 | BJ4: Kiggelaria africana | BK4: 100 | BL4: 11 | BN4: 2 | BO4: Leucadendron coniferum | BP4: 100 | BQ4: 11.833333 | BS4: 2 | BT4: Clutia ericoides | BU4: 100 | BV4: 35 | BX4: 2 | BY4: Erica glabella | BZ4: 100 | CA4: 20
A5: 3 | B5: Euclea racemosa f. (tree) | C5: 50 | D5: 12 | F5: 3 | G5: Diospyros whyteana | H5: 100 | I5: 14.666667 | K5: 3 | L5: Metalasia muricata | M5: 78.947368 | N5: 7.0526316 | P5: 3 | Q5: Metalasia muricata | R5: 100 | S5: 10.285714 | U5: 3 | V5: Geranium incanum | W5: 100 | X5: 14 | Z5: 3 | AA5: Indigofera brachystachya | AB5: 57.142857 | AC5: 8.5714286 | AE5: 3 | AF5: Leucadendron salignum | AG5: 100 | AH5: 7.2 | AJ5: 3 | AK5: Erica nudiflora | AL5: 33.333333 | AM5: 6.6666667 | AO5: 3 | AP5: Ehrharta calycina | AQ5: 50 | AR5: 9.5 | AT5: 3 | AU5: Elegia juncea | AV5: 66.666667 | AW5: 5.6666667 | AY5: 3 | AZ5: Passerina vulgaris | BA5: 66.666667 | BB5: 11.666667 | BD5: 3 | BE5: Nemesia sp. | BF5: 100 | BG5: 10 | BI5: 3 | BJ5: Zantedeschia aethiopica | BK5: 100 | BL5: 4 | BN5: 3 | BO5: Thamnochortus erectus | BP5: 100 | BQ5: 11.333333 | BS5: 3 | BT5: Pelargonium betulinum | BU5: 100 | BV5: 16 | BX5: 3 | BY5: Erica sessiliflora | BZ5: 100 | CA5: 20
A6: 4 | B6: Chionanthus foveolatus | C6: 100 | D6: 10 | F6: 4 | G6: Chionanthus foveolatus | H6: 100 | I6: 14.333333 | K6: 4 | L6: Aspalathus salteri | M6: 36.842105 | N6: 5.9210526 | P6: 4 | Q6: Restio triticeus | R6: 57.142857 | S6: 6.0714286 | U6: 4 | V6: Passerina vulgaris | W6: 100 | X6: 12 | Z6: 4 | AA6: Morella quercifolia | AB6: 42.857143 | AC6: 6.5714286 | AE6: 4 | AF6: Aspalathus salteri | AG6: 40 | AH6: 6.2 | AJ6: 4 | AK6: Leucadendron coniferum | AL6: 100 | AM6: 5.6666667 | AO6: 4 | AP6: Helichrysum tenuiculum | AQ6: 100 | AR6: 8.5 | AT6: 4 | AU6: Morella quercifolia | AV6: 66.666667 | AW6: 5.3333333 | AY6: 4 | AZ6: Phylica disticha | BA6: 66.666667 | BB6: 9.3333333 | BD6: 4 | BE6: Struthiola striata | BF6: 100 | BG6: 10 | BI6: 4 | BJ6: Mariscus thunbergii | BK6: 100 | BL6: 2 | BN6: 4 | BO6: Euclea racemosa f. (shrub) | BP6: 100 | BQ6: 9.3333333 | BS6: 4 | BT6: Carpobrotus acinaciformis | BU6: 100 | BV6: 11 | BX6: 4 | BY6: Erica sp. | BZ6: 100 | CA6: 19
A7: 5 | B7: Myrsine africana | C7: 100 | D7: 8.5 | F7: 5 | G7: Celtis africana | H7: 50 | I7: 7.5 | K7: 5 | L7: Passerina vulgaris | M7: 68.421053 | N7: 5.5789474 | P7: 5 | Q7: Morella quercifolia | R7: 71.428571 | S7: 5.7142857 | U7: 5 | V7: Aspalathus forbesii | W7: 100 | X7: 8 | Z7: 5 | AA7: Aspalathus salteri | AB7: 85.714286 | AC7: 5.2142857 | AE7: 5 | AF7: Mimetes cucullatus | AG7: 80 | AH7: 5.8 | AJ7: 5 | AK7: Morella quercifolia | AL7: 66.666667 | AM7: 5.3333333 | AO7: 5 | AP7: Artemisia afra | AQ7: 100 | AR7: 5.5 | AT7: 5 | AU7: Erica nudiflora | AV7: 33.333333 | AW7: 4.6666667 | AY7: 5 | AZ7: Leucadendron coniferum | BA7: 66.666667 | BB7: 7.6666667 | BD7: 5 | BE7: Indigofera brachystachya | BF7: 100 | BG7: 8 | BI7: 5 | BJ7: Diospyros whyteana | BK7: 100 | BL7: 0.5 | BN7: 5 | BO7: Agathosma cerefolium | BP7: 66.666667 | BQ7: 9 | BS7: 5 | BT7: Anthospermum aethiopicum | BU7: 100 | BV7: 7 | BX7: 5 | BY7: Leucadendron coniferum | BZ7: 100 | CA7: 16
A8: 6 | B8: Ehrharta erecta | C8: 100 | D8: 5.375 | F8: 6 | G8: Rhoicissus tomentosa | H8: 33.333333 | I8: 6.6666667 | K8: 6 | L8: Indigofera brachystachya | M8: 78.947368 | N8: 5.0263158 | P8: 6 | Q8: Leucospermum patersonii | R8: 57.142857 | S8: 5.1428571 | U8: 6 | V8: Ficinia indica | W8: 100 | X8: 7 | Z8: 6 | AA8: Disparago anomala | AB8: 85.714286 | AC8: 5.0714286 | AE8: 6 | AF8: Morella quercifolia | AG8: 80 | AH8: 5.4 | AJ8: 6 | AK8: Cymbopogon marginatus | AL8: 33.333333 | AM8: 5 | AO8: 6 | AP8: Leonotis leonurus | AQ8: 50 | AR8: 4 | AT8: 6 | AU8: Mimetes cucullatus | AV8: 100 | AW8: 4 | AY8: 6 | AZ8: Cassytha ciliolata | BA8: 66.666667 | BB8: 6.3333333 | BD8: 6 | BE8: Linum africanum | BF8: 100 | BG8: 6 | BI8: 6 | BJ8: Leonotis leonurus | BK8: 100 | BL8: 0.5 | BN8: 6 | BO8: Ficinia ramosissima | BP8: 100 | BQ8: 8.5 | BS8: 6 | BT8: Ficinia secunda | BU8: 100 | BV8: 7 | BX8: 6 | BY8: Cliffortia ferruginea | BZ8: 100 | CA8: 13
A9: 7 | B9: Stipa dregeana | C9: 37.5 | D9: 5 | F9: 7 | G9: Droguetia iners | H9: 83.333333 | I9: 6.5 | K9: 7 | L9: Tetraria cuspidata | M9: 63.157895 | N9: 3.1052632 | P9: 7 | Q9: Ischyrolepis eleocharis | R9: 57.142857 | S9: 4 | U9: 7 | V9: Indigofera brachystachya | W9: 100 | X9: 2 | Z9: 7 | AA9: Leucadendron coniferum | AB9: 57.142857 | AC9: 3.8571429 | AE9: 7 | AF9: Penaea mucronata | AG9: 60 | AH9: 4.8 | AJ9: 7 | AK9: Pseudoselago spuria | AL9: 33.333333 | AM9: 5 | AO9: 7 | AP9: Mariscus thunbergii | AQ9: 100 | AR9: 2.75 | AT9: 7 | AU9: Elegia filacea | AV9: 66.666667 | AW9: 4 | AY9: 7 | AZ9: Thamnochortus erectus | BA9: 100 | BB9: 5.3333333 | BD9: 7 | BE9: Morella quercifolia | BF9: 100 | BG9: 6 | BN9: 7 | BO9: Ficinia secunda | BP9: 33.333333 | BQ9: 6 | BS9: 7 | BT9: Elegia thyrsifera | BU9: 100 | BV9: 6 | BX9: 7 | BY9: Mimetes cucullatus | BZ9: 100 | CA9: 8
A10: 8 | B10: Gymnosporia buxifolia | C10: 62.5 | D10: 4.3125 | F10: 8 | G10: Cynanchum obtusifolium | H10: 100 | I10: 4.1666667 | K10: 8 | L10: Oedera capensis | M10: 63.157895 | N10: 3.0526316 | P10: 8 | Q10: Indigofera brachystachya | R10: 42.857143 | S10: 4 | U10: 8 | V10: Anthospermum aethiopicum | W10: 100 | X10: 1 | Z10: 8 | AA10: Ischyrolepis eleocharis | AB10: 100 | AC10: 3.7857143 | AE10: 8 | AF10: Elegia juncea | AG10: 60 | AH10: 4.6 | AJ10: 8 | AK10: Ischyrolepis eleocharis | AL10: 66.666667 | AM10: 5 | AO10: 8 | AP10: Hippia frutescens | AQ10: 100 | AR10: 2.25 | AT10: 8 | AU10: Cymbopogon marginatus | AV10: 33.333333 | AW10: 3.3333333 | AY10: 8 | AZ10: Diosma subulata var. subulata | BA10: 66.666667 | BB10: 4 | BD10: 8 | BE10: Clutia polygonoides | BF10: 100 | BG10: 4 | BN10: 8 | BO10: Cassytha ciliolata | BP10: 66.666667 | BQ10: 6 | BS10: 8 | BT10: Leucospermum patersonii | BU10: 100 | BV10: 4 | BX10: 8 | BY10: Leucospermum patersonii | BZ10: 100 | CA10: 6
A11: 9 | B11: Melica racemosa | C11: 37.5 | D11: 3.9375 | F11: 9 | G11: Sideroxylon inerme | H11: 33.333333 | I11: 3.8333333 | K11: 9 | L11: Euclea racemosa f. (shrub) | M11: 68.421053 | N11: 3 | P11: 9 | Q11: Thamnochortus erectus | R11: 57.142857 | S11: 3.4285714 | U11: 9 | V11: Ficinia tristachya | W11: 100 | X11: 1 | Z11: 9 | AA11: Indigofera angustifolia | AB11: 14.285714 | AC11: 2.5714286 | AE11: 9 | AF11: Struthiola salteri | AG11: 40 | AH11: 4.4 | AJ11: 9 | AK11: Pelargonium elegans | AL11: 66.666667 | AM11: 4.3333333 | AO11: 9 | AP11: Zantedeschia aethiopica | AQ11: 100 | AR11: 1.25 | AT11: 9 | AU11: Leucadendron salignum | AV11: 66.666667 | AW11: 3 | AY11: 9 | AZ11: Restio triticeus | BA11: 33.333333 | BB11: 4 | BD11: 9 | BE11: Ischyrolepis eleocharis | BF11: 100 | BG11: 3 | BN11: 9 | BO11: Metalasia muricata | BP11: 33.333333 | BQ11: 5.3333333 | BS11: 9 | BT11: Rhus crenata | BU11: 100 | BV11: 3 | BX11: 9 | BY11: Protea obtusifolia | BZ11: 100 | CA11: 6
A12: 10 | B12: Asparagus aethiopicus | C12: 100 | D12: 3.6875 | F12: 10 | G12: Asparagus scandens | H12: 83.333333 | I12: 3.8333333 | K12: 10 | L12: Pentaschistis colorata | M12: 47.368421 | N12: 2.9736842 | P12: 10 | Q12: Rhus lucida | R12: 42.857143 | S12: 3.2142857 | U12: 10 | V12: Muraltia cf. salsolacea | W12: 100 | X12: 1 | Z12: 10 | AA12: Ficinia indica | AB12: 28.571429 | AC12: 2.4285714 | AE12: 10 | AF12: Pseudopentameris macrantha | AG12: 40 | AH12: 4.4 | AJ12: 10 | AK12: Restio triticeus | AL12: 33.333333 | AM12: 4 | AO12: 10 | AP12: Cliffortia cordifolia | AQ12: 50 | AR12: 1 | AT12: 10 | AU12: Metalasia brevifolia | AV12: 66.666667 | AW12: 2.8333333 | AY12: 10 | AZ12: Aspalathus salteri | BA12: 33.333333 | BB12: 3.6666667 | BD12: 10 | BE12: Pelargonium betulinum | BF12: 100 | BG12: 3 | BN12: 10 | BO12: Ischyrolepis leptoclados | BP12: 66.666667 | BQ12: 5 | BS12: 10 | BT12: Cliffortia ilicifolia | BU12: 100 | BV12: 1 | BX12: 10 | BY12: Willdenowia teres | BZ12: 100 | CA12: 5
A13: 11 | B13: Cynanchum obtusifolium | C13: 100 | D13: 3.4375 | F13: 11 | G13: Gymnosporia buxifolia | H13: 50 | I13: 1.8333333 | K13: 11 | L13: Cymbopogon marginatus | M13: 15.789474 | N13: 2.5789474 | P13: 11 | Q13: Passerina vulgaris | R13: 57.142857 | S13: 3 | U13: 11 | V13: Crassula sp. | W13: 100 | X13: 0.5 | Z13: 11 | AA13: Pseudopentameris macrantha | AB13: 42.857143 | AC13: 2.4285714 | AE13: 11 | AF13: Indigofera brachystachya | AG13: 60 | AH13: 3.9 | AJ13: 11 | AK13: Elegia juncea | AL13: 66.666667 | AM13: 4 | AO13: 11 | AP13: Persicaria serrulata | AQ13: 50 | AR13: 1 | AT13: 11 | AU13: Leucadendron spissifolium ssp. spissifolium | AV13: 33.333333 | AW13: 2.6666667 | AY13: 11 | AZ13: Struthiola striata | BA13: 100 | BB13: 3.1666667 | BD13: 11 | BE13: Rhus laevigata | BF13: 100 | BG13: 3 | BN13: 11 | BO13: Tetraria cuspidata | BP13: 33.333333 | BQ13: 5 | BS13: 11 | BT13: Restio triticeus | BU13: 100 | BV13: 1 | BX13: 11 | BY13: Thamnochortus erectus | BZ13: 100 | CA13: 3
A14: 12 | B14: Zantedeschia aethiopica | C14: 37.5 | D14: 0.75 | F14: 12 | G14: Stipa dregeana | H14: 66.666667 | I14: 1.6666667 | K14: 12 | L14: Metalasia brevifolia | M14: 52.631579 | N14: 2.3684211 | P14: 12 | Q14: Ischyrolepis leptoclados | R14: 14.285714 | S14: 2.8571429 | U14: 12 | V14: Ficinia trichodes | W14: 100 | X14: 0.5 | Z14: 12 | AA14: Struthiola salteri | AB14: 71.428571 | AC14: 2.3571429 | AE14: 12 | AF14: Leucadendron tinctum | AG14: 40 | AH14: 3.1 | AJ14: 12 | AK14: Aspalathus salteri | AL14: 33.333333 | AM14: 4 | AO14: 12 | AP14: Geranium ornithopodon | AQ14: 50 | AR14: 0.25 | AT14: 12 | AU14: Leucospermum prostratum | AV14: 100 | AW14: 2.6666667 | AY14: 12 | AZ14: Ficinia secunda | BA14: 66.666667 | BB14: 3 | BD14: 12 | BE14: Olea capensis | BF14: 100 | BG14: 2 | BN14: 12 | BO14: Passerina vulgaris | BP14: 100 | BQ14: 4.8333333 | BS14: 12 | BT14: Anthospermum spathulatum ssp. spathulatum | BU14: 100 | BV14: 0.5 | BX14: 12 | BY14: Cassytha ciliolata | BZ14: 100 | CA14: 1
A15: 13 | B15: Zehneria scabra | C15: 12.5 | D15: 0.5 | F15: 13 | G15: Secamone alpini | H15: 50 | I15: 1.5833333 | K15: 13 | L15: Anthospermum aethiopicum | M15: 84.210526 | N15: 2.3157895 | P15: 13 | Q15: Cliffortia ilicifolia | R15: 28.571429 | S15: 2.1428571 | U15: 13 | V15: Herniaria capensis | W15: 100 | X15: 0.5 | Z15: 13 | AA15: Metalasia muricata | AB15: 57.142857 | AC15: 2.1428571 | AE15: 13 | AF15: Trichocephalus stipularis | AG15: 120 | AH15: 3 | AJ15: 13 | AK15: Ficinia indica | AL15: 66.666667 | AM15: 3.6666667 | AO15: 13 | AP15: Aspalathus sp. | AQ15: 50 | AR15: 0.25 | AT15: 13 | AU15: Indigofera angustifolia | AV15: 100 | AW15: 2.6666667 | AY15: 13 | AZ15: Erica lineata | BA15: 66.666667 | BB15: 2.3333333 | BD15: 13 | BE15: Agathosma cerefolium | BF15: 100 | BG15: 1 | BN15: 13 | BO15: Olea exasperata | BP15: 66.666667 | BQ15: 4.3333333 | BS15: 13 | BT15: Crassula subulata var. subulata | BU15: 100 | BV15: 0.5 | BX15: 13 | BY15: Hermannia joubertiana | BZ15: 100 | CA15: 1
A16: 14 | B16: Kedrostis nana | C16: 25 | D16: 0.4375 | F16: 14 | G16: Zehneria scabra | H16: 83.333333 | I16: 1.4166667 | K16: 14 | L16: Pelargonium betulinum | M16: 100 | N16: 2.2105263 | P16: 14 | Q16: Erica magnisylvae | R16: 14.285714 | S16: 2.1428571 | U16: 14 | V16: Manulea leiostachys | W16: 100 | X16: 0.5 | Z16: 14 | AA16: Ficinia tristachya | AB16: 71.428571 | AC16: 1.9285714 | AE16: 14 | AF16: Metalasia brevifolia | AG16: 80 | AH16: 2.4 | AJ16: 14 | AK16: Cliffortia ferruginea | AL16: 33.333333 | AM16: 3.3333333 | AO16: 14 | AP16: Cassytha ciliolata | AQ16: 50 | AR16: 0.25 | AT16: 14 | AU16: Thamnochortus argenteus | AV16: 100 | AW16: 2.6666667 | AY16: 14 | AZ16: Olea exasperata | BA16: 33.333333 | BB16: 2 | BD16: 14 | BE16: Anthospermum aethiopicum | BF16: 100 | BG16: 1 | BN16: 14 | BO16: Otholobium bracteolatum | BP16: 33.333333 | BQ16: 4.3333333 | BS16: 14 | BT16: Oxalis sp. | BU16: 100 | BV16: 0.5 | BX16: 14 | BY16: Arctopus echinatus | BZ16: 100 | CA16: 0.5
A17: 15 | B17: Solanum africanum | C17: 25 | D17: 0.4375 | F17: 15 | G17: Australina lanceolata | H17: 50 | I17: 1.3333333 | K17: 15 | L17: Thamnochortus erectus | M17: 36.842105 | N17: 2.2105263 | P17: 15 | Q17: Tetraria cuspidata | R17: 57.142857 | S17: 1.9285714 | U17: 15 | V17: Phylica ericoides | W17: 100 | X17: 0.5 | Z17: 15 | AA17: Erica coccinea var. (yellow) | AB17: 42.857143 | AC17: 1.8571429 | AE17: 15 | AF17: Cymbopogon marginatus | AG17: 20 | AH17: 2.4 | AJ17: 15 | AK17: Ficinia tristachya | AL17: 100 | AM17: 3.3333333 | AO17: 15 | AP17: Psoralea arborea | AQ17: 50 | AR17: 0.25 | AT17: 15 | AU17: Erica vestita | AV17: 33.333333 | AW17: 2 | AY17: 15 | AZ17: Willdenowia teres | BA17: 66.666667 | BB17: 2 | BD17: 15 | BE17: Athanasia trifurcata | BF17: 100 | BG17: 1 | BN17: 15 | BO17: Pelargonium betulinum | BP17: 100 | BQ17: 4.1666667 | BS17: 15 | BT17: Passerina vulgaris | BU17: 100 | BV17: 0.5 | BX17: 15 | BY17: Asparagus rubicundus | BZ17: 100 | CA17: 0.5
A18: 16 | B18: Rhus laevigata | C18: 12.5 | D18: 0.375 | F18: 16 | G18: Pteris dentata | H18: 33.333333 | I18: 1.3333333 | K18: 16 | L18: Aspalathus forbesii | M18: 15.789474 | N18: 2.1842105 | P18: 16 | Q18: Erica irregularis | R18: 28.571429 | S18: 1.7857143 | U18: 16 | V18: Salvia africana-lutea | W18: 100 | X18: 0.5 | Z18: 16 | AA18: Pelargonium betulinum | AB18: 85.714286 | AC18: 1.7142857 | AE18: 16 | AF18: Ficinia tenuifolia | AG18: 20 | AH18: 2.2 | AJ18: 16 | AK18: Trichocephalus stipularis | AL18: 66.666667 | AM18: 3 | AO18: 16 | AP18: Rhus laevigata | AQ18: 50 | AR18: 0.25 | AT18: 16 | AU18: Aristea spiralis | AV18: 100 | AW18: 2 | AY18: 16 | AZ18: Leucospermum patersonii | BA18: 66.666667 | BB18: 1.8333333 | BD18: 16 | BE18: Geranium incanum | BF18: 100 | BG18: 1 | BN18: 16 | BO18: Protea obtusifolia | BP18: 100 | BQ18: 4 | BS18: 16 | BT18: Pelargonium capitatum | BU18: 100 | BV18: 0.5 | BX18: 16 | BY18: Haemanthus sanguineus | BZ18: 100 | CA18: 0.5
A19: 17 | B19: Dipogon lignosus | C19: 12.5 | D19: 0.375 | F19: 17 | G19: Asplenium adiantum-nigrum | H19: 66.666667 | I19: 0.41666667 | K19: 17 | L19: Olea exasperata | M19: 26.315789 | N19: 2 | P19: 17 | Q19: Metalasia brevifolia | R19: 42.857143 | S19: 1.5714286 | U19: 17 | V19: Senecio burchellii | W19: 100 | X19: 0.5 | Z19: 17 | AA19: Tetraria cuspidata | AB19: 57.142857 | AC19: 1.6428571 | AE19: 17 | AF19: Amphithalea ericifolia ssp. ericifolia | AG19: 20 | AH19: 2 | AJ19: 17 | AK19: Protea longifolia | AL19: 33.333333 | AM19: 2.6666667 | AO19: 17 | AP19: Stoebe plumosa | AQ19: 50 | AR19: 0.25 | AT19: 17 | AU19: Ischyrolepis eleocharis | AV19: 100 | AW19: 1.8333333 | AY19: 17 | AZ19: Clutia alaternoides | BA19: 33.333333 | BB19: 1.3333333 | BD19: 17 | BE19: Asplenium adiantum-nigrum | BF19: 100 | BG19: 0.5 | BN19: 17 | BO19: Ischyrolepis eleocharis | BP19: 33.333333 | BQ19: 3.3333333 | BS19: 17 | BT19: Phylica dodii | BU19: 100 | BV19: 0.5 | BX19: 17 | BY19: Massonia pustulata | BZ19: 100 | CA19: 0.5
A20: 18 | B20: Adiantum aethiopicum | C20: 12.5 | D20: 0.25 | F20: 18 | G20: Ehrharta erecta | H20: 50 | I20: 0.33333333 | K20: 18 | L20: Pseudopentameris macrantha | M20: 15.789474 | N20: 1.8421053 | P20: 18 | Q20: Pelargonium betulinum | R20: 71.428571 | S20: 1.5714286 | U20: 18 | V20: Tetraria bolusii | W20: 100 | X20: 0.5 | Z20: 18 | AA20: Chondropetalum microcarpum | AB20: 28.571429 | AC20: 1.5714286 | AE20: 18 | AF20: Phylica imberbis | AG20: 60 | AH20: 2 | AJ20: 18 | AK20: Anthospermum aethiopicum | AL20: 100 | AM20: 2.6666667 | AT20: 18 | AU20: Wachendorfia paniculata | AV20: 100 | AW20: 1.6666667 | AY20: 18 | AZ20: Pelargonium betulinum | BA20: 100 | BB20: 1 | BD20: 18 | BE20: Cliffortia falcata | BF20: 100 | BG20: 0.5 | BN20: 18 | BO20: Asparagus rubicundus | BP20: 66.666667 | BQ20: 3 | BX20: 18 | BY20: Morella quercifolia | BZ20: 100 | CA20: 0.5
A21: 19 | B21: Chasmanthe aethiopica | C21: 12.5 | D21: 0.125 | F21: 19 | G21: Haemanthus coccineus | H21: 33.333333 | I21: 0.16666667 | K21: 19 | L21: Otholobium bracteolatum | M21: 36.842105 | N21: 1.7105263 | P21: 19 | Q21: Agathosma imbricata | R21: 28.571429 | S21: 1.4285714 | Z21: 19 | AA21: Oedera capensis | AB21: 71.428571 | AC21: 1.2142857 | AE21: 19 | AF21: Muraltia filiformis | AG21: 40 | AH21: 1.7 | AJ21: 19 | AK21: Clutia alaternoides | AL21: 66.666667 | AM21: 2.6666667 | AT21: 19 | AU21: Phylica imberbis | AV21: 100 | AW21: 1.6666667 | AY21: 19 | AZ21: Rumex sagittarius | BA21: 33.333333 | BB21: 1 | BD21: 19 | BE21: Hippia frutescens | BF21: 100 | BG21: 0.5 | BN21: 19 | BO21: Anthospermum aethiopicum | BP21: 100 | BQ21: 2.8333333 | BX21: 19 | BY21: Pelargonium betulinum | BZ21: 100 | CA21: 0.5
A22: 20 | B22: Knowltonia vesicatoria | C22: 12.5 | D22: 0.0625 | F22: 20 | G22: Zantedeschia aethiopica | H22: 16.666667 | I22: 0.16666667 | K22: 20 | L22: Hermannia joubertiana | M22: 57.894737 | N22: 1.6578947 | P22: 20 | Q22: Willdenowia teres | R22: 14.285714 | S22: 1.4285714 | Z22: 20 | AA22: Anthospermum hirtum | AB22: 71.428571 | AC22: 1.1428571 | AE22: 20 | AF22: Erica canescens | AG22: 20 | AH22: 1.6 | AJ22: 20 | AK22: Ruschia sarmentosa | AL22: 66.666667 | AM22: 2.6666667 | AT22: 20 | AU22: Thesium euphrasioides | AV22: 100 | AW22: 1.6666667 | AY22: 20 | AZ22: Asparagus rubicundus | BA22: 33.333333 | BB22: 0.66666667 | BD22: 20 | BE22: Knowltonia vesicatoria | BF22: 100 | BG22: 0.5 | BN22: 20 | BO22: Carpobrotus acinaciformis | BP22: 100 | BQ22: 2.8333333 | BX22: 20 | BY22: Phylica ericoides | BZ22: 100 | CA22: 0.5
A23: 21 | B23: Australina lanceolata | C23: 12.5 | D23: 0.0625 | F23: 21 | G23: Melica racemosa | H23: 16.666667 | I23: 0.16666667 | K23: 21 | L23: Muraltia cf. salsolacea | M23: 31.578947 | N23: 1.6315789 | P23: 21 | Q23: Cymbopogon marginatus | R23: 42.857143 | S23: 1.2857143 | Z23: 21 | AA23: Anthospermum aethiopicum | AB23: 14.285714 | AC23: 1.1428571 | AE23: 21 | AF23: Leucospermum prostratum | AG23: 80 | AH23: 1.5 | AJ23: 21 | AK23: Elegia filacea | AL23: 66.666667 | AM23: 2.3333333 | AT23: 21 | AU23: Ischyrolepis capensis | AV23: 66.666667 | AW23: 1.5 | AY23: 21 | AZ23: Cliffortia falcata | BA23: 33.333333 | BB23: 0.66666667 | BD23: 21 | BE23: Rhynchosia capensis | BF23: 100 | BG23: 0.5 | BN23: 21 | BO23: Erica sessiliflora | BP23: 33.333333 | BQ23: 2.6666667 | BX23: 21 | BY23: Rhynchosia capensis | BZ23: 100 | CA23: 0.5
A24: 22 | B24: Solanum guineense | C24: 12.5 | D24: 0.0625 | F24: 22 | G24: Asparagus aethiopicus | H24: 16.666667 | I24: 0.083333333 | K24: 22 | L24: Ischyrolepis leptoclados | M24: 10.526316 | N24: 1.6315789 | P24: 22 | Q24: Struthiola salteri | R24: 57.142857 | S24: 1.2142857 | Z24: 22 | AA24: Leucospermum patersonii | AB24: 14.285714 | AC24: 1.1428571 | AE24: 22 | AF24: Erica lineata | AG24: 20 | AH24: 1.4 | AJ24: 22 | AK24: Erica glabella | AL24: 33.333333 | AM24: 2 | AT24: 22 | AU24: Agathosma imbricata | AV24: 100 | AW24: 1.3333333 | AY24: 22 | AZ24: Clutia polygonoides | BA24: 33.333333 | BB24: 0.66666667 | BN24: 22 | BO24: Phylica dodii | BP24: 66.666667 | BQ24: 2.5 | BX24: 22 | BY24: Struthiola striata | BZ24: 100 | CA24: 0.5
A25: 23 | B25: Stenotaphrum secundatum | C25: 12.5 | D25: 0.0625 | F25: 23 | G25: Adiantum aethiopicum | H25: 16.666667 | I25: 0.083333333 | K25: 23 | L25: Ficinia indica | M25: 36.842105 | N25: 1.6052632 | P25: 23 | Q25: Aspalathus salteri | R25: 42.857143 | S25: 1.0714286 | Z25: 23 | AA25: Rhus lucida | AB25: 14.285714 | AC25: 1 | AE25: 23 | AF25: Aristea africana | AG25: 40 | AH25: 1.3 | AJ25: 23 | AK25: Tetraria cuspidata | AL25: 66.666667 | AM25: 2 | AT25: 23 | AU25: Tetraria cuspidata | AV25: 66.666667 | AW25: 1.3333333 | AY25: 23 | AZ25: Olea capensis | BA25: 33.333333 | BB25: 0.66666667 | BN25: 23 | BO25: Ficinia bulbosa | BP25: 66.666667 | BQ25: 2.5
A26: 24 | B26: Adenocline acuta | C26: 12.5 | D26: 0.0625 | K26: 24 | L26: Phylica ericoides | M26: 36.842105 | N26: 1.5526316 | P26: 24 | Q26: Massonia pustulata | R26: 14.285714 | S26: 0.85714286 | Z26: 24 | AA26: Erica irregularis | AB26: 14.285714 | AC26: 0.85714286 | AE26: 24 | AF26: Restio triticeus | AG26: 40 | AH26: 1.2 | AJ26: 24 | AK26: Mimetes cucullatus | AL26: 66.666667 | AM26: 2 | AT26: 24 | AU26: Penaea mucronata | AV26: 66.666667 | AW26: 1.3333333 | AY26: 24 | AZ26: Phylica ericoides | BA26: 33.333333 | BB26: 0.66666667 | BN26: 24 | BO26: Phylica ericoides | BP26: 33.333333 | BQ26: 2.3333333
K27: 25 | L27: Cassytha ciliolata | M27: 26.315789 | N27: 1.5263158 | P27: 25 | Q27: Clutia alaternoides | R27: 42.857143 | S27: 0.85714286 | Z27: 25 | AA27: Chascanum cernuum | AB27: 42.857143 | AC27: 0.78571429 | AE27: 25 | AF27: Anthospermum aethiopicum | AG27: 60 | AH27: 1.2 | AJ27: 25 | AK27: Thesium capitatum | AL27: 66.666667 | AM27: 2 | AT27: 25 | AU27: Thesium capitatum | AV27: 66.666667 | AW27: 1.3333333 | AY27: 25 | AZ27: Thesium strictum | BA27: 33.333333 | BB27: 0.66666667 | BN27: 25 | BO27: Muraltia satureioides | BP27: 33.333333 | BQ27: 1.6666667
K28: 26 | L28: Cliffortia ilicifolia | M28: 15.789474 | N28: 1.3421053 | P28: 26 | Q28: Aspalathus ciliaris | R28: 14.285714 | S28: 0.85714286 | Z28: 26 | AA28: Syncarpha argyropsis | AB28: 14.285714 | AC28: 0.71428571 | AE28: 26 | AF28: Scabiosa columbaria | AG28: 40 | AH28: 1.2 | AJ28: 26 | AK28: Aspalathus ciliaris | AL28: 33.333333 | AM28: 1.6666667 | AT28: 26 | AU28: Indigofera brachystachya | AV28: 66.666667 | AW28: 1.3333333 | AY28: 26 | AZ28: Anthospermum aethiopicum | BA28: 100 | BB28: 0.66666667 | BN28: 26 | BO28: Cliffortia ilicifolia | BP28: 66.666667 | BQ28: 1.5
K29: 27 | L29: Muraltia satureioides | M29: 15.789474 | N29: 1.2631579 | P29: 27 | Q29: Leucadendron tinctum | R29: 14.285714 | S29: 0.85714286 | Z29: 27 | AA29: Pentaschistis colorata | AB29: 28.571429 | AC29: 0.57142857 | AE29: 27 | AF29: Thamnochortus erectus | AG29: 40 | AH29: 1.2 | AJ29: 27 | AK29: Pelargonium myrrhifolium | AL29: 66.666667 | AM29: 1.6666667 | AT29: 27 | AU29: Helichrysum patulum | AV29: 66.666667 | AW29: 1.1666667 | AY29: 27 | AZ29: Pelargonium myrrhifolium | BA29: 33.333333 | BB29: 0.66666667 | BN29: 27 | BO29: Hermannia trifoliata | BP29: 33.333333 | BQ29: 1.3333333
K30: 28 | L30: Struthiola striata | M30: 21.052632 | N30: 1.1842105 | P30: 28 | Q30: Cliffortia phyllanthoides | R30: 14.285714 | S30: 0.85714286 | Z30: 28 | AA30: Metalasia brevifolia | AB30: 28.571429 | AC30: 0.57142857 | AE30: 28 | AF30: Cliffortia falcata | AG30: 60 | AH30: 0.9 | AJ30: 28 | AK30: Erica magnisylvae | AL30: 33.333333 | AM30: 1.3333333 | AT30: 28 | AU30: Ficinia indica | AV30: 66.666667 | AW30: 1.1666667 | AY30: 28 | AZ30: Carpobrotus acinaciformis | BA30: 66.666667 | BB30: 0.33333333 | BN30: 28 | BO30: Pelargonium capitatum | BP30: 33.333333 | BQ30: 1
K31: 29 | L31: Olea capensis | M31: 36.842105 | N31: 1.1315789 | P31: 29 | Q31: Carpobrotus acinaciformis | R31: 57.142857 | S31: 0.78571429 | Z31: 29 | AA31: Restio triticeus | AB31: 14.285714 | AC31: 0.57142857 | AE31: 29 | AF31: Asparagus rubicundus | AG31: 40 | AH31: 0.9 | AJ31: 29 | AK31: Manulea tomentosa | AL31: 33.333333 | AM31: 1.3333333 | AT31: 29 | AU31: Restio triticeus | AV31: 33.333333 | AW31: 1 | AY31: 29 | AZ31: Rhus laevigata | BA31: 33.333333 | BB31: 0.33333333 | BN31: 29 | BO31: Oedera capensis | BP31: 66.666667 | BQ31: 1
K32: 30 | L32: Chondropetalum microcarpum | M32: 10.526316 | N32: 1.0526316 | P32: 30 | Q32: Ficinia tristachya | R32: 42.857143 | S32: 0.78571429 | Z32: 30 | AA32: Hermannia joubertiana | AB32: 57.142857 | AC32: 0.42857143 | AE32: 30 | AF32: Ficinia indica | AG32: 40 | AH32: 0.9 | AJ32: 30 | AK32: Scabiosa columbaria | AL32: 33.333333 | AM32: 1.3333333 | AT32: 30 | AU32: Clutia alaternoides | AV32: 100 | AW32: 1 | AY32: 30 | AZ32: Hermannia joubertiana | BA32: 33.333333 | BB32: 0.16666667 | BN32: 30 | BO32: Olea capensis | BP32: 66.666667 | BQ32: 1
K33: 31 | L33: Cliffortia obcordata | M33: 5.2631579 | N33: 1.0526316 | P33: 31 | Q33: Aspalathus dentata | R33: 14.285714 | S33: 0.71428571 | Z33: 31 | AA33: Wahlenbergia tenella | AB33: 42.857143 | AC33: 0.42857143 | AE33: 31 | AF33: Indigofera angustifolia | AG33: 40 | AH33: 0.9 | AJ33: 31 | AK33: Phylica dodii | AL33: 33.333333 | AM33: 1.3333333 | AT33: 31 | AU33: Pelargonium betulinum | AV33: 66.666667 | AW33: 1 | AY33: 31 | AZ33: Ischyrolepis leptoclados | BA33: 33.333333 | BB33: 0.16666667 | BN33: 31 | BO33: Satyrium carneum | BP33: 66.666667 | BQ33: 0.83333333
K34: 32 | L34: Erica penicilliformis | M34: 5.2631579 | N34: 1.0526316 | P34: 32 | Q34: Disparago anomala | R34: 14.285714 | S34: 0.71428571 | Z34: 32 | AA34: Muraltia cf. salsolacea | AB34: 14.285714 | AC34: 0.42857143 | AE34: 32 | AF34: Pelargonium elegans | AG34: 40 | AH34: 0.9 | AJ34: 32 | AK34: Leucadendron salignum | AL34: 66.666667 | AM34: 1.3333333 | AT34: 32 | AU34: Anthospermum aethiopicum | AV34: 100 | AW34: 1 | AY34: 32 | AZ34: Otholobium bracteolatum | BA34: 33.333333 | BB34: 0.16666667 | BN34: 32 | BO34: Ehrharta sp. | BP34: 33.333333 | BQ34: 0.66666667
K35: 33 | L35: Cassine peragua | M35: 21.052632 | N35: 1 | P35: 33 | Q35: Thesium nigromontanum | R35: 14.285714 | S35: 0.71428571 | Z35: 33 | AA35: Jamesbrittenia albomarginata | AB35: 28.571429 | AC35: 0.35714286 | AE35: 33 | AF35: Ischyrolepis eleocharis | AG35: 80 | AH35: 0.8 | AJ35: 33 | AK35: Thesium euphrasioides | AL35: 66.666667 | AM35: 1.3333333 | AT35: 33 | AU35: Bobartia indica | AV35: 66.666667 | AW35: 1 | AY35: 33 | AZ35: Cissampelos capensis | BA35: 33.333333 | BB35: 0.16666667 | BN35: 33 | BO35: Rhus glauca | BP35: 66.666667 | BQ35: 0.66666667
K36: 34 | L36: Selago aspera | M36: 31.578947 | N36: 0.86842105 | P36: 34 | Q36: Oedera capensis | R36: 42.857143 | S36: 0.71428571 | Z36: 34 | AA36: Massonia pustulata | AB36: 28.571429 | AC36: 0.35714286 | AE36: 34 | AF36: Erica axillaris | AG36: 20 | AH36: 0.8 | AJ36: 34 | AK36: Erica lineata | AL36: 33.333333 | AM36: 1 | AT36: 34 | AU36: Euryops abrotanifolius | AV36: 66.666667 | AW36: 1 | AY36: 34 | AZ36: Oxalis sp. | BA36: 33.333333 | BB36: 0.16666667 | BN36: 34 | BO36: Lampranthus explanatus | BP36: 33.333333 | BQ36: 0.66666667
K37: 35 | L37: Morella quercifolia | M37: 15.789474 | N37: 0.86842105 | P37: 35 | Q37: Selago aspera | R37: 28.571429 | S37: 0.71428571 | Z37: 35 | AA37: Cymbopogon marginatus | AB37: 42.857143 | AC37: 0.28571429 | AE37: 35 | AF37: Ficinia bulbosa | AG37: 20 | AH37: 0.8 | AJ37: 35 | AK37: Pelargonium betulinum | AL37: 66.666667 | AM37: 1 | AT37: 35 | AU37: Pelargonium myrrhifolium | AV37: 66.666667 | AW37: 0.83333333 | AY37: 35 | AZ37: Zygophyllum flexuosum | BA37: 33.333333 | BB37: 0.16666667 | BN37: 35 | BO37: Struthiola striata | BP37: 33.333333 | BQ37: 0.66666667
K38: 36 | L38: Ficinia ramosissima | M38: 10.526316 | N38: 0.84210526 | P38: 36 | Q38: Cassytha ciliolata | R38: 28.571429 | S38: 0.71428571 | Z38: 36 | AA38: Phylica ericoides | AB38: 57.142857 | AC38: 0.28571429 | AE38: 36 | AF38: Tetraria bolusii | AG38: 20 | AH38: 0.8 | AJ38: 36 | AK38: Hypodiscus willdenowia | AL38: 33.333333 | AM38: 1 | AT38: 36 | AU38: Chironia tetragona | AV38: 33.333333 | AW38: 0.66666667 | AY38: 36 | AZ38: Carpacoce vaginellata | BA38: 33.333333 | BB38: 0.16666667 | BN38: 36 | BO38: Myrsine africana | BP38: 66.666667 | BQ38: 0.5
K39: 37 | L39: Hermannia trifoliata | M39: 15.789474 | N39: 0.78947368 | P39: 37 | Q39: Olea capensis | R39: 14.285714 | S39: 0.71428571 | Z39: 37 | AA39: Chironia tetragona | AB39: 14.285714 | AC39: 0.28571429 | AE39: 37 | AF39: Passerina vulgaris | AG39: 20 | AH39: 0.8 | AJ39: 37 | AK39: Indigofera brachystachya | AL39: 66.666667 | AM39: 1 | AT39: 37 | AU39: Erica penicilliformis | AV39: 33.333333 | AW39: 0.66666667 | BN39: 37 | BO39: Pelargonium suburbanum ssp. suburbanum | BP39: 66.666667 | BQ39: 0.5
K40: 38 | L40: Thesium strictum | M40: 10.526316 | N40: 0.78947368 | P40: 38 | Q40: Protea cynaroides | R40: 14.285714 | S40: 0.71428571 | Z40: 38 | AA40: Agathosma cerefolium | AB40: 28.571429 | AC40: 0.21428571 | AE40: 38 | AF40: Thamnochortus argenteus | AG40: 40 | AH40: 0.7 | AJ40: 38 | AK40: Lobelia comosa | AL40: 66.666667 | AM40: 1 | AT40: 38 | AU40: Hermas villosa | AV40: 33.333333 | AW40: 0.66666667 | BN40: 38 | BO40: Willdenowia teres | BP40: 33.333333 | BQ40: 0.33333333
K41: 39 | L41: Ficinia bulbosa | M41: 21.052632 | N41: 0.71052632 | P41: 39 | Q41: Anthospermum aethiopicum | R41: 57.142857 | S41: 0.64285714 | Z41: 39 | AA41: Crassula expansa ssp. filicaulis | AB41: 28.571429 | AC41: 0.21428571 | AE41: 39 | AF41: Corymbium africanum | AG41: 40 | AH41: 0.7 | AJ41: 39 | AK41: Muraltia filiformis | AL41: 66.666667 | AM41: 1 | AT41: 39 | AU41: Muraltia filiformis | AV41: 33.333333 | AW41: 0.66666667 | BN41: 39 | BO41: Chironia baccifera | BP41: 33.333333 | BQ41: 0.16666667
K42: 40 | L42: Salvia africana-lutea | M42: 10.526316 | N42: 0.68421053 | P42: 40 | Q42: Athanasia dentata | R42: 14.285714 | S42: 0.57142857 | Z42: 40 | AA42: Cassytha ciliolata | AB42: 14.285714 | AC42: 0.14285714 | AE42: 40 | AF42: Wachendorfia paniculata | AG42: 20 | AH42: 0.6 | AJ42: 40 | AK42: Ischyrolepis capensis | AL42: 33.333333 | AM42: 1 | AT42: 40 | AU42: Tetraria compar | AV42: 33.333333 | AW42: 0.66666667 | BN42: 40 | BO42: Cullumia squarrosa | BP42: 33.333333 | BQ42: 0.16666667
K43: 41 | L43: Rhus lucida | M43: 31.578947 | N43: 0.65789474 | P43: 41 | Q43: Zaluzianskya villosa | R43: 14.285714 | S43: 0.57142857 | Z43: 41 | AA43: Corymbium africanum | AB43: 14.285714 | AC43: 0.14285714 | AE43: 41 | AF43: Erica penicilliformis | AG43: 20 | AH43: 0.4 | AJ43: 41 | AK43: Asparagus rubicundus | AL43: 66.666667 | AM43: 0.83333333 | AT43: 41 | AU43: Ursinia dentata | AV43: 100 | AW43: 0.66666667 | BN43: 41 | BO43: Geranium incanum | BP43: 33.333333 | BQ43: 0.16666667
K44: 42 | L44: Clutia polygonoides | M44: 15.789474 | N44: 0.63157895 | P44: 42 | Q44: Pentaschistis colorata | R44: 28.571429 | S44: 0.57142857 | Z44: 42 | AA44: Anthospermum spathulatum ssp. spathulatum | AB44: 28.571429 | AC44: 0.14285714 | AE44: 42 | AF44: Tetraria cuspidata | AG44: 20 | AH44: 0.4 | AJ44: 42 | AK44: Athanasia dentata | AL44: 33.333333 | AM44: 0.66666667 | AT44: 42 | AU44: Aspalathus salteri | AV44: 33.333333 | AW44: 0.66666667 | BN44: 42 | BO44: Leucospermum patersonii | BP44: 33.333333 | BQ44: 0.16666667
K45: 43 | L45: Aspalathus globulosa | M45: 5.2631579 | N45: 0.63157895 | P45: 43 | Q45: Ficinia bulbosa | R45: 28.571429 | S45: 0.5 | Z45: 43 | AA45: Disperis capensis | AB45: 14.285714 | AC45: 0.14285714 | AE45: 43 | AF45: Muraltia cf. salsolacea | AG45: 20 | AH45: 0.4 | AJ45: 43 | AK45: Erica penicilliformis | AL45: 33.333333 | AM45: 0.66666667 | AT45: 43 | AU45: Corymbium africanum | AV45: 33.333333 | AW45: 0.66666667 | BN45: 43 | BO45: Oxalis sp. | BP45: 33.333333 | BQ45: 0.16666667
K46: 44 | L46: Clutia alaternoides | M46: 42.105263 | N46: 0.60526316 | P46: 44 | Q46: Scabiosa columbaria | R46: 42.857143 | S46: 0.5 | Z46: 44 | AA46: Agathosma imbricata | AB46: 14.285714 | AC46: 0.14285714 | AE46: 44 | AF46: Senecio arniciflorus | AG46: 20 | AH46: 0.4 | AJ46: 44 | AK46: Erica sessiliflora | AL46: 33.333333 | AM46: 0.66666667 | AT46: 44 | AU46: Mairia coriacea | AV46: 33.333333 | AW46: 0.66666667 | BN46: 44 | BO46: Rhus crenata | BP46: 33.333333 | BQ46: 0.16666667
K47: 45 | L47: Ficinia tristachya | M47: 21.052632 | N47: 0.57894737 | P47: 45 | Q47: Otholobium bracteolatum | R47: 14.285714 | S47: 0.42857143 | Z47: 45 | AA47: Gladiolus debilis | AB47: 14.285714 | AC47: 0.14285714 | AE47: 45 | AF47: Helichrysum patulum | AG47: 60 | AH47: 0.4 | AJ47: 45 | AK47: Cliffortia falcata | AL47: 33.333333 | AM47: 0.66666667 | AT47: 45 | AU47: Othonna quinquedentata | AV47: 33.333333 | AW47: 0.66666667 | BN47: 45 | BO47: Rhus laevigata | BP47: 33.333333 | BQ47: 0.16666667
K48: 46 | L48: Helichrysum niveum | M48: 15.789474 | N48: 0.5 | P48: 46 | Q48: Muraltia cf. salsolacea | R48: 28.571429 | S48: 0.42857143 | Z48: 46 | AA48: Otholobium bracteolatum | AB48: 14.285714 | AC48: 0.14285714 | AE48: 46 | AF48: Athanasia dentata | AG48: 20 | AH48: 0.4 | AJ48: 46 | AK48: Cliffortia ilicifolia | AL48: 33.333333 | AM48: 0.66666667 | AT48: 46 | AU48: Protea cynaroides | AV48: 33.333333 | AW48: 0.66666667 | BN48: 46 | BO48: Salvia africana-lutea | BP48: 33.333333 | BQ48: 0.16666667
